Subject,global_strength
NDARINV00CY2MDM,0.04287521537908212
NDARINV00U4FTRU,0.030084333260842963
NDARINV01D03VR7,0.026801917223709608
NDARINV01ELX9L6,0.031508857639718967
NDARINV01NAYMZH,0.028697769897560753
NDARINV022ZVCT8,0.06065791896560151
NDARINV02H7G2T6,0.04877343738254042
NDARINV030W95VP,0.02946884628333733
NDARINV0387TP8R,0.04581640549397189
NDARINV03XVEBPM,0.03240930574630465
NDARINV05ATJ1V1,0.03909886049554404
NDARINV05CA3VX5,0.040655913318651586
NDARINV05WK8AN7,0.0386378007746939
NDARINV06DE9Y0L,0.051910735474128285
NDARINV06LWXY67,0.038701612497230815
NDARINV07RPB2TU,0.04250096766800827
NDARINV086114AT,0.03481925171341333
NDARINV08FUB58A,0.032817749615243516
NDARINV08R2PTT1,0.0305661693208952
NDARINV0A4P0LWM,0.039038645701952174
NDARINV0A4ZDYNL,0.03238751745769734
NDARINV0A6WVRZY,0.0360393867322449
NDARINV0AEBMADL,0.056772842755452343
NDARINV0APJMRD1,0.055234068613938314
NDARINV0B3PHZ2W,0.04128775273808947
NDARINV0B7UGM1D,0.057425564088687236
NDARINV0BAVEL0T,0.036204418469062104
NDARINV0BL9EL2Y,0.02097809261274586
NDARINV0C471G23,0.04227409567047203
NDARINV0C765WK4,0.05893685352114396
NDARINV0CBFTKR7,0.029187074337190214
NDARINV0CCVJ39W,0.05521784972369376
NDARINV0CP9XGTP,0.037160870029223095
NDARINV0CZBUV4C,0.04963058219334874
NDARINV0D0C239B,0.06457436569600873
NDARINV0DBRJXKG,0.0372912084125367
NDARINV0DKWEM1A,0.03452361975341066
NDARINV0DVK13LU,0.0355394085015814
NDARINV0E1RBR9J,0.03482671582886691
NDARINV0EV57VEX,0.05200270342220306
NDARINV0EXY6KFW,0.034152563460398716
NDARINV0F3UJ9CT,0.03378679626391213
NDARINV0F78WV5U,0.04098121781556083
NDARINV0F82C6R8,0.04010177939173825
NDARINV0F959U85,0.0377651903182782
NDARINV0FV544H9,0.03181329641366281
NDARINV0G42TBW1,0.043545015544127444
NDARINV0GPKYMDC,0.0453157059357987
NDARINV0GVW93X6,0.030399302044914048
NDARINV0GZM9UZJ,0.030473796298930867
NDARINV0HFHMCFZ,0.030629113321031538
NDARINV0HXXANFJ,0.02916068413918376
NDARINV0JR6Y529,0.03739028794297314
NDARINV0JRU5DWA,0.03084570524319674
NDARINV0KHYZ082,0.041106248074659596
NDARINV0KYBPJ2A,0.05098470219957102
NDARINV0L3VJZEL,0.02897379888271058
NDARINV0L7K5UMC,0.0390256029481877
NDARINV0L7XB3AW,0.032799853991456546
NDARINV0MPBK7TU,0.029247727292535063
NDARINV0N289PCW,0.034866363179724524
NDARINV0NLL2KYE,0.04870863434331334
NDARINV0NR55WME,0.03938097770705141
NDARINV0NXVE8CT,0.04272822515400682
NDARINV0P2ZCYPM,0.022108303766069256
NDARINV0P3ERKVG,0.04720315278192754
NDARINV0P96MUM9,0.037481164511448097
NDARINV0PDYPPJ7,0.04279487607076813
NDARINV0RHLKA9M,0.05038804177344118
NDARINV0T41MTFH,0.03220574184672071
NDARINV0T5DCF9K,0.03661475063466114
NDARINV0T7889MV,0.028626531279678753
NDARINV0TRD5ZK4,0.036583831268382064
NDARINV0UA196B6,0.024003177296115712
NDARINV0UEA3Z9E,0.02998819756453478
NDARINV0ULZKXXG,0.04869576710180703
NDARINV0VL8XV09,0.04055271289429295
NDARINV0WAF57A4,0.03356202363287175
NDARINV0XFVW4LF,0.051438748312741346
NDARINV0XU7Z6RH,0.016078217272867287
NDARINV0Y8YJ2UR,0.05101257249042705
NDARINV0YLE20YZ,0.03369646754660337
NDARINV0YLLNXRL,0.04212911958162576
NDARINV0YVKYMJX,0.020024746069198632
NDARINV0Z5FF0JL,0.03284808644461645
NDARINV102P9DCN,0.045488859556865276
NDARINV10F7NTCV,0.03262866953911741
NDARINV10FDVE0L,0.04541891940185405
NDARINV10HWA6YU,0.043115161829646115
NDARINV10J5M8LB,0.051478787973401316
NDARINV10ZLTFJZ,0.03469120854166193
NDARINV114VT9DX,0.04494394989416865
NDARINV1285PMCK,0.044384675147633154
NDARINV137Y0WR8,0.05364762230176615
NDARINV139EUMUU,0.03578150121990274
NDARINV139PZ31D,0.021138223383316633
NDARINV13CL7J3B,0.037894676837344925
NDARINV13GH02YK,0.023190083428925503
NDARINV14C1N3KZ,0.03293935216922474
NDARINV1555HTEC,0.05642841242087806
NDARINV155U91DU,0.07227809397215997
NDARINV158CYMLK,0.04116250449005862
NDARINV15MFU6UZ,0.03217083150224849
NDARINV15MX84A5,0.04357821504678024
NDARINV15VX8FJL,0.023886257038644255
NDARINV173ZYYKX,0.03899241333694493
NDARINV17K4X0WD,0.03513923081222173
NDARINV18H0Y70H,0.040683412970639175
NDARINV18X6GN95,0.05673906582911375
NDARINV18XYL4BV,0.03499257278694231
NDARINV1A8C7PRA,0.04538872120895899
NDARINV1AA2VG9C,0.040940588902415344
NDARINV1B4T30A9,0.0335276571046038
NDARINV1B7G7LND,0.0385598867725218
NDARINV1BE1UD48,0.038766546456283926
NDARINV1BGRYN2J,0.044534735102870475
NDARINV1CGKKTM5,0.02078932975490353
NDARINV1CRC8UTU,0.0320862590530705
NDARINV1D6G642B,0.023393826728852936
NDARINV1DZ2VF5K,0.04015002941242626
NDARINV1DZWFKCG,0.03305023733922319
NDARINV1EECRFPM,0.055037711408068936
NDARINV1ENGFTE3,0.03434298006246675
NDARINV1F5JEP46,0.03340029049281989
NDARINV1F6UNTXD,0.0334691401023327
NDARINV1F953XCP,0.036625567096824026
NDARINV1FRN7VDM,0.04420301450106494
NDARINV1FT79EHP,0.036970620620593087
NDARINV1G6W1PLY,0.022296961930423
NDARINV1H7JEJW1,0.03648856953058796
NDARINV1HKCTUW1,0.030841083296364105
NDARINV1J2LV4NY,0.05075009656786868
NDARINV1JLAATTP,0.03219530232150027
NDARINV1JU1CGGB,0.03788920337440921
NDARINV1JW5HLBW,0.04588441875712155
NDARINV1JWGJFFK,0.02644654164134177
NDARINV1K1285TU,0.03099251102790906
NDARINV1KBEC5AT,0.043943714314675995
NDARINV1KP8VFVR,0.040717202494643806
NDARINV1KX54GYB,0.06001297354488972
NDARINV1KZKJNFD,0.027017570633141683
NDARINV1KZTEZF5,0.055310476758088055
NDARINV1L1ZCWL5,0.03789779431421298
NDARINV1L5VJRZG,0.023792679394935134
NDARINV1LMYDNRY,0.04172925352616375
NDARINV1LT8UZYC,0.041492479934687174
NDARINV1LW4GJ4L,0.032736877668476945
NDARINV1MGXHNDZ,0.04243492102059667
NDARINV1MHAP6AR,0.04108368662960184
NDARINV1MKWVMP1,0.046609627297495994
NDARINV1NBP7WNB,0.05381692163605683
NDARINV1P29RX5F,
NDARINV1PE0ZVR4,0.055606726611452544
NDARINV1R4UUF8E,0.037710101557690355
NDARINV1R97KJ7J,0.03947165360720065
NDARINV1TFVYFMB,0.08271237877353524
NDARINV1TWMU0JK,0.04061297736965195
NDARINV1U4C4M56,0.04578491264289969
NDARINV1UWWV5JP,0.04959061508372186
NDARINV1VKHC02B,0.05089527531226725
NDARINV1VM14D0X,0.043768935365148996
NDARINV1VMB1ZYW,0.04769922178897935
NDARINV1W2D4CFP,0.03534109429587094
NDARINV1WL8U6A7,0.03661497922842409
NDARINV1YGWGEYE,0.04728636876490486
NDARINV1Z2F3AA0,0.03152217323522033
NDARINV1Z7RDZ4Y,0.04016139630004917
NDARINV1ZK1A3NG,0.03406807516823365
NDARINV1ZY11ZP0,0.03311065681580138
NDARINV1ZZAPY9K,0.03106635388281848
NDARINV20CNYBBC,0.03679112705401726
NDARINV215XKL9U,0.028454752639495606
NDARINV21KEUZ1N,0.06451218760717675
NDARINV22F4J621,0.030422224001622932
NDARINV24LWV4C5,0.03717982249688259
NDARINV25D23GPR,0.039809669896983056
NDARINV25PJA9DK,0.027659646848852974
NDARINV26V2CZ6Z,0.043250600213860825
NDARINV273EJWMX,0.03371768047283445
NDARINV27BUCF9E,0.027600874970378747
NDARINV27BWKVV0,0.0377619741510894
NDARINV27BYY712,0.03782143754770181
NDARINV27EPWLDM,0.04445622232928331
NDARINV27NJ4UJ7,0.04984251634928265
NDARINV28X6J47M,0.054680350822914135
NDARINV2AD1P5NV,0.06143726622837076
NDARINV2AVRCTAA,0.04235485766301479
NDARINV2CEAK559,0.029888137449478238
NDARINV2CTVWFH6,0.05423331702595419
NDARINV2CW9FCHV,0.04020804194871813
NDARINV2D07F24X,0.04550758148719284
NDARINV2DPX8P1Y,0.04781165554076135
NDARINV2E5NFGXW,0.03102121438328532
NDARINV2FRF2URF,0.03850166320912266
NDARINV2G3T7XUL,0.03412531951766783
NDARINV2G6169KB,0.03820189339734743
NDARINV2GN2TPG7,0.04146689621047022
NDARINV2H0FM634,0.04382972095780177
NDARINV2J8WHJ3R,0.03474161658705722
NDARINV2K0TR221,0.02783740966082783
NDARINV2K16Y0LC,0.0368083628180653
NDARINV2K6WB3XJ,0.027124552757707653
NDARINV2KJNX54B,0.028376781724293903
NDARINV2LA00BUD,0.041370476398108924
NDARINV2LTU8ZA2,0.03323380256631967
NDARINV2LUG79YV,0.036943758151282466
NDARINV2MEH8NFX,0.03280551716257263
NDARINV2MKXWKGF,0.042976409626487154
NDARINV2MMJJTBJ,0.0502911557449006
NDARINV2NGBYVBP,0.036978749020888595
NDARINV2NLERKN7,0.0314693774606652
NDARINV2NVAXBZL,0.04557338298819251
NDARINV2NVERUP6,0.03376077326057621
NDARINV2NZV8ELL,0.041601043765328576
NDARINV2R0HFJ5Y,0.042167715563450635
NDARINV2R403NWA,0.047506224016355306
NDARINV2RD4CZ7T,0.032902134385733625
NDARINV2RJ8ZRGL,0.05045214905411716
NDARINV2T5K2NDJ,0.03894856567147458
NDARINV2TRERCDA,0.04660165503832338
NDARINV2TTD2LB2,0.02882020406662319
NDARINV2U59DP6L,0.03523579907270481
NDARINV2UKALPPX,0.04533458958669998
NDARINV2W7FBDN4,0.04544288469423425
NDARINV2WTW50R0,0.04033426777340405
NDARINV2X7YEHPB,0.03561339417377565
NDARINV2X9JB86Z,0.045283020852706725
NDARINV2XU3RAMJ,0.0412443749300774
NDARINV2YG2VRCX,0.04103443012161232
NDARINV2ZC2JPP4,0.03037447369460679
NDARINV2ZCZ5TAL,0.03618893632562007
NDARINV2ZFBNJT6,0.03418810573458241
NDARINV2ZG81XAB,0.029806563164606968
NDARINV2ZGK3ZBW,0.03758330079668629
NDARINV3072CP0C,0.026351319653580993
NDARINV309YZLPJ,0.048489672942361506
NDARINV31CVPC8B,0.028966789981080005
NDARINV31UPFNDE,0.03574839697564233
NDARINV320U3LPD,0.026857381540047395
NDARINV33AC40WZ,0.055293389837802874
NDARINV34BZY5KP,0.039170598991513726
NDARINV34MJX0NC,0.029990586559370307
NDARINV355PUM5E,0.038533812416133024
NDARINV35DUHZ83,0.023532295523202698
NDARINV35KNHNNM,0.0381007086349014
NDARINV36KEAPWR,0.03684339253975977
NDARINV36ZD3NZC,0.042062917119434835
NDARINV37FTP2A7,0.03999520578273947
NDARINV3807LYLG,0.030341096100246077
NDARINV38AVND76,0.04044713865866974
NDARINV38MDKPJC,0.07412008739940584
NDARINV38T88Z04,0.041444678194304654
NDARINV395VW31D,0.02983640023717101
NDARINV39YKNJFD,0.030084504441839133
NDARINV39Z29MG3,0.04285264289489009
NDARINV3AEJYFGX,0.03134087701414444
NDARINV3CAV3A8F,0.03737617607773147
NDARINV3CR6NXBG,0.030437453398689897
NDARINV3CVRZ501,0.026600513692335803
NDARINV3CW8YR0W,0.03796317105444527
NDARINV3G46KLE7,0.03662566420610596
NDARINV3H19ZCF8,0.028358679054867247
NDARINV3HFPA2R0,0.025349392701793712
NDARINV3KYJ3920,0.037923220055169654
NDARINV3LA2YW3R,0.03917873672421443
NDARINV3NKZ8EZX,0.03583764131843057
NDARINV3P72345Z,0.04501504063692041
NDARINV3PH5L11X,0.042505458106608496
NDARINV3PNCV5A7,0.048020935927125
NDARINV3R1XMUN2,0.050912817578508254
NDARINV3TFEMP67,0.05122577894590717
NDARINV3TRN51XL,0.03754193227906431
NDARINV3TUE7DV5,0.030680770863134726
NDARINV3UKGZNFG,0.04718246751325093
NDARINV3UNMBY32,0.022624277227013143
NDARINV3VAXZUWK,0.03643871506905272
NDARINV3WDYMBWU,0.045642101750332426
NDARINV3WGBKUN1,0.03767799076703433
NDARINV3WPKG63C,0.05061082233185697
NDARINV3WRKC6EJ,0.028284416231066
NDARINV3XCZ5XRY,0.04974892523434816
NDARINV3YJ5XDU0,0.027364307732666498
NDARINV3YRA5895,0.03970558238095649
NDARINV3ZPDZ9KU,0.032823573082402906
NDARINV402278X9,0.04289874613229815
NDARINV403JXRX5,0.04530509937537518
NDARINV405DYFXP,0.048753585829162935
NDARINV40AA6KX2,0.04779809677753249
NDARINV40JXNNYU,0.037697344311201815
NDARINV40LC0P0V,0.04597110983018545
NDARINV40T7TX7X,0.04287949163245345
NDARINV40UHKD3Y,0.026008527558212192
NDARINV41964BN4,0.060440328139020054
NDARINV41U1CNA9,0.03416165194796
NDARINV4208ZTJH,0.04309339263182416
NDARINV42ELB372,0.06505069184831629
NDARINV43AFH5U4,0.041466388131786734
NDARINV43TD8G0E,0.02824225337600454
NDARINV43VJ4GZ1,0.027748985499653288
NDARINV44A0LV53,0.03607269272234229
NDARINV44AXV5FM,0.03539313533787571
NDARINV44K29WLN,0.03200827594142317
NDARINV44VXW7YA,0.050909178350433314
NDARINV45ZYAREH,0.0389063576715353
NDARINV46VFKP3F,0.03935705272391194
NDARINV47UWAATW,0.02925068656461796
NDARINV486GVBCD,0.037496286933415446
NDARINV4AP9GM2Z,0.026259570041419024
NDARINV4APZUGR2,0.03704257725773466
NDARINV4AY58X03,0.03413891023736313
NDARINV4B0U03EB,0.015521988439442712
NDARINV4BH3W9Z3,0.04821158958889167
NDARINV4BRVTNUE,0.05740658621436348
NDARINV4C616XF8,0.04694749241779645
NDARINV4CB96L7N,0.028962788482950343
NDARINV4CFUY1KU,0.03810304694293234
NDARINV4EHL4L0L,0.054014686752824795
NDARINV4EK87DJK,0.05042001435993178
NDARINV4F29HZH4,0.04320358761561477
NDARINV4F95WY7X,0.03759285021881111
NDARINV4GG3D33R,0.03477976626126584
NDARINV4GP0WREF,0.02904445126474532
NDARINV4H880493,0.04333511447876642
NDARINV4HBVU8XK,0.03802559819743062
NDARINV4JD9NHNZ,0.03641394421224598
NDARINV4JHN1XBR,0.035581330898933415
NDARINV4LPXB23R,0.03658531709781722
NDARINV4N5LBL4W,0.05051688880687234
NDARINV4NC05L4V,0.04453636271263096
NDARINV4NNE3HU8,0.041715234781321664
NDARINV4NY4LM1D,0.04500347638999146
NDARINV4P3K4E3R,0.05078583513502338
NDARINV4PZ5WRHB,0.04822631782691332
NDARINV4R7NANWE,0.02822769934501029
NDARINV4RJPJXN3,0.039716605216717764
NDARINV4TK6P8E5,0.03741824935580924
NDARINV4TL31WGV,0.04796589113702536
NDARINV4TT6ZX1A,0.049158613882661635
NDARINV4UCBM11Y,0.029397003774837054
NDARINV4UJ4B7YT,0.03109816468059166
NDARINV4UMAF27X,0.037642331380862024
NDARINV4V86FH9A,0.035106054375136336
NDARINV4VF9CVGF,0.03796971259614487
NDARINV4VK7GGEN,0.02663374054864839
NDARINV4VVRLBUW,0.0508980542002415
NDARINV4W2U0GZN,0.048388876942552644
NDARINV4WU2W91W,0.027150384411044986
NDARINV4X19HRWY,0.033984387983660796
NDARINV4XKP2MT1,0.02793958851179086
NDARINV4XMBYXGP,0.03724846437832422
NDARINV4XYEZ86T,0.034835114430770316
NDARINV4Y6K99MT,0.03167334913684903
NDARINV4Y828ZMP,0.056295634230515625
NDARINV4YF8CTPA,0.032475863040217975
NDARINV4YH8H7KU,0.04092456448556287
NDARINV4Z38T1RY,0.03819797159407402
NDARINV4Z96NDW1,0.0448227559223989
NDARINV505DMEMX,0.045263739008653624
NDARINV50H55Y7T,0.03531240277123411
NDARINV50WZX903,0.03250488128526818
NDARINV516Z98HX,0.029109996937731607
NDARINV52034BGR,0.03484122228778899
NDARINV52AU0VED,0.026171922349737548
NDARINV52CVLNFF,0.03123393526039022
NDARINV52K3HFFN,0.021289045691192297
NDARINV52UNJAGX,0.0502626362007447
NDARINV53AA4BL6,0.050767927451561626
NDARINV53DLM6RN,0.046100365548638354
NDARINV53LYW9M5,0.028500654947603076
NDARINV54U1B199,0.04145211455180571
NDARINV55K37VGA,0.035834670730485546
NDARINV56TWKCTL,0.03987871588059084
NDARINV56VJH1CR,0.0415927044643016
NDARINV57F63WRL,0.026544890817277525
NDARINV57R7NE0T,0.04556712082532784
NDARINV57V4LC2W,0.032893040386411346
NDARINV592319RL,0.027780846359065536
NDARINV59CAGP2B,0.03815803000939621
NDARINV59KP7TG2,0.03586730855256816
NDARINV5AF8JW1F,0.03211617183010791
NDARINV5AXUMK7E,0.05436133456617971
NDARINV5B32UHDY,0.03938438947347954
NDARINV5B5DML2V,0.029796558834308366
NDARINV5BF7P17A,0.03469372044322795
NDARINV5CHM4BJG,0.03557781840264584
NDARINV5DW63RTW,0.05337543645966405
NDARINV5E5N8A4J,0.03144686979396839
NDARINV5EY0WLBP,0.032131011045640964
NDARINV5F2R3TL8,0.04803838942080445
NDARINV5F54ZMX4,0.039085923458040905
NDARINV5FR0A6E7,0.02180469735829384
NDARINV5GB3TA25,0.05140675471514081
NDARINV5HER88YM,0.05966252551288442
NDARINV5JE05DJK,0.039554273131726554
NDARINV5JX1E1YG,0.04496578341305195
NDARINV5K5J2WLT,0.04127142642181441
NDARINV5K9CU40G,0.041018443588710214
NDARINV5L4LYVBY,0.057433944356125255
NDARINV5M9Y06N7,0.03348112320327731
NDARINV5P2UAGPW,0.019316118393044375
NDARINV5PTVY6KC,0.04140656999134306
NDARINV5R57W4GA,0.03691678095215638
NDARINV5RAR4VBD,0.046123365662651336
NDARINV5RY4ZHHG,0.03908971918041392
NDARINV5T9K540P,0.04055262896479535
NDARINV5TEDV177,0.03979570979102343
NDARINV5TW13RHH,0.04414717768621246
NDARINV5U1CRWKY,0.04769478675291985
NDARINV5UCM0NGX,0.033808312738803914
NDARINV5UCXG70X,0.04216862280133914
NDARINV5UE7EYK6,0.035144761351077095
NDARINV5UG94F1Y,0.03377818396794822
NDARINV5UHHRZBV,0.05470402904304004
NDARINV5UXMR1B3,0.052393777906873586
NDARINV5V6LPP6X,0.0357047085584871
NDARINV5VD5LWH4,0.055360717253039295
NDARINV5VFG6UKN,0.04143829293111853
NDARINV5VJHAFVK,0.048558788054962
NDARINV5VLNFBN7,0.061457324243960144
NDARINV5VP4RK9P,0.043395149685570754
NDARINV5VRVMVVT,0.0376191240883348
NDARINV5VT1M6LF,0.019156496081385137
NDARINV5WHF8EZJ,0.04413407795296804
NDARINV5WXD7A7X,0.033288422754440154
NDARINV5WZDJT4C,0.02747629779602605
NDARINV5XLLB0FF,0.02248881050017078
NDARINV5Y3DK6GX,0.05659269438151516
NDARINV5YHWBYRD,0.036634898257638764
NDARINV5ZJBJZV9,0.04856438114232437
NDARINV6012XAJ6,0.04238585669362575
NDARINV607MN0KZ,0.03982834873453108
NDARINV615C9HX4,0.024065887583927487
NDARINV61RKCL4Y,0.03858619701505934
NDARINV620B7YP2,0.041798248517524506
NDARINV625BWGDB,0.033955941801044214
NDARINV62G4MJ4G,0.043838134166777974
NDARINV62K5R39F,0.04451360190011586
NDARINV62VXCMPT,0.04805151919405245
NDARINV64GKZ96V,0.03532881974862203
NDARINV64PE3J4T,0.034579018641998804
NDARINV654DRYXT,0.028775413656142106
NDARINV65CU9XVH,0.03843960753473271
NDARINV65HEDB50,0.03278825657497899
NDARINV65NLFHYD,0.05736790271427107
NDARINV65P8PM1D,0.032783448441622426
NDARINV65X59CTR,0.02542899409453556
NDARINV66FXTFCD,0.05471022801218476
NDARINV66LWGDCB,0.043724298873390355
NDARINV66R9F57P,0.030939225411978948
NDARINV66ULU7EK,0.03698808634928042
NDARINV671RCPHA,0.030085299549631826
NDARINV677ED18Z,0.019375661633040994
NDARINV6790DE8Z,0.0245763816773181
NDARINV67G76XVR,0.041820122366983604
NDARINV67JE45TU,0.026647675979439706
NDARINV67PGLMAX,0.025738685854143833
NDARINV68K18L17,0.05546811694504029
NDARINV68L0WZRB,0.03926265626053742
NDARINV68ZA6HHA,0.028368745407652645
NDARINV69FLDML4,0.03826774756601528
NDARINV6BAW7VRX,0.049374496327241765
NDARINV6CA2HNYJ,0.056809050021839516
NDARINV6D3TTBKJ,0.04802488575404032
NDARINV6D552CRB,0.02249576695715325
NDARINV6DE6KC7V,0.028897673139421085
NDARINV6E8NELFC,0.04540516090044344
NDARINV6ELMHVPX,0.020079837593143406
NDARINV6EVBBMKN,0.05039235013430924
NDARINV6F1LPHLT,0.04394127859335677
NDARINV6G0MHGHA,0.03177140834012228
NDARINV6G618RT0,0.045534955121475734
NDARINV6GBF9WDD,0.03329747261534331
NDARINV6HTEC707,0.048533123859138216
NDARINV6JA3GMT0,0.03879357675948915
NDARINV6JBD5MP2,0.04344114988718586
NDARINV6JFY5LBB,0.04741318952430313
NDARINV6JJBMHZL,0.057639809349416725
NDARINV6K2VKBU3,0.029407323510721603
NDARINV6KM1LGCB,0.038088257610128524
NDARINV6KP3MKL1,0.04210263716782782
NDARINV6L03215H,0.049402519408464074
NDARINV6LBMATCR,0.04767615846497598
NDARINV6LR7XBTB,0.032771137269694384
NDARINV6LW8CTG9,0.034106775344025474
NDARINV6MB1G78W,0.03484580635698631
NDARINV6NR4NZWL,0.029591252381898893
NDARINV6PX8VT24,0.029636755834042638
NDARINV6R9H00F3,0.03123514048184549
NDARINV6TFE3J8G,0.035500871225132506
NDARINV6UH8VGPA,0.04542519978751862
NDARINV6UU2L6YJ,0.0437542361427055
NDARINV6UZL0D8M,0.026857126996172896
NDARINV6VFFYA3R,0.019710039528905876
NDARINV6VXADERG,0.030131294079543628
NDARINV6W30KJMZ,0.048283871269225384
NDARINV6WJ57CC2,0.03249480462046062
NDARINV6WV9X2KM,0.03353749959991739
NDARINV6WW1A9ER,0.04384013970578195
NDARINV6XMUW19F,0.0414396566632606
NDARINV6XTLR9MW,0.047661737213009134
NDARINV6YFHHNGB,0.036934726078424844
NDARINV6YP01DDF,0.04338039430073776
NDARINV6YYN1L6W,0.060447386598190364
NDARINV6ZU9NKBV,0.04269061842467343
NDARINV70EJ1089,0.04125131264154807
NDARINV71136NP6,0.04624932582698564
NDARINV7203PRBW,0.04399519861136931
NDARINV72J2GA95,0.042372292370693135
NDARINV72JP5LKF,0.05332787960936734
NDARINV72MV78KG,0.043477279341810345
NDARINV72NE2AL6,0.0289356594232825
NDARINV72PBFKDM,0.029496214986696002
NDARINV73VTV7W4,0.04141788139371927
NDARINV743YNW7Y,0.04627221713356939
NDARINV7466RMUA,0.03432991362392806
NDARINV74A66FHC,0.036170148681340566
NDARINV74MKXN03,0.0386891272521514
NDARINV75E8B1DX,0.04193141097673963
NDARINV75ZYAV1X,0.044272932728180815
NDARINV76XDC3CZ,0.041289808688401576
NDARINV784C061J,0.026019697479296545
NDARINV78PUEPUH,0.030694109888704094
NDARINV79LXV51U,0.04442837486269198
NDARINV7A80G68A,0.04552564497427932
NDARINV7ATXXJUG,0.04544986613529706
NDARINV7B2CAC25,0.049966332044000764
NDARINV7B2V2JHN,0.03182862324493666
NDARINV7B7LHAU0,0.03824339670073587
NDARINV7B9VZ5UU,0.04085949609117114
NDARINV7BKAZZAM,0.034047867184000366
NDARINV7CAPEPP7,0.041635972318586956
NDARINV7CC21C8B,0.05314966968390717
NDARINV7CN47GEF,0.028215267741644647
NDARINV7DUJG7N2,0.0407063664625651
NDARINV7E13LZN6,0.05896527091492014
NDARINV7F1N85W0,0.034088326467714265
NDARINV7FC40YZ3,0.03712186242633775
NDARINV7FG8NTPP,0.03564849739834198
NDARINV7FTHG8XU,0.05037736746919914
NDARINV7GC6PLZG,0.03821712760557685
NDARINV7GDD5D2D,0.024494233006513714
NDARINV7GJEUCGE,0.05341422396095908
NDARINV7GMJLBGM,0.04759409904847391
NDARINV7GYDJXB0,0.01717128878210956
NDARINV7HF5AAL9,0.048273780595468295
NDARINV7J3KXGBK,0.04926012682707684
NDARINV7J8EL4J8,0.053494321558371936
NDARINV7JGE0MH9,0.049659343964568954
NDARINV7JUL4TDF,0.02777535667783957
NDARINV7KP7C6RB,0.03872576178062877
NDARINV7LA0606V,0.016056155659625343
NDARINV7LCUDWGP,0.051655745072659645
NDARINV7LM8LGFW,0.048705355213221134
NDARINV7LWNRC3F,0.040375134095495466
NDARINV7MCB12JE,0.03591827217157146
NDARINV7MZN86PD,0.044163408606995275
NDARINV7N96D4UW,0.02939150301851948
NDARINV7N9P7K46,0.04150515811498379
NDARINV7NVJNHRE,0.023503320574759328
NDARINV7NW5NH08,0.05591952642417657
NDARINV7PB55MX2,0.03850596893168554
NDARINV7PXH7ZBR,0.034895622006576435
NDARINV7R43BC6Z,0.04507656295327318
NDARINV7RC0NHDC,0.03882028525194064
NDARINV7RZA3Y8A,0.026559271434212692
NDARINV7T9ULU2M,0.0423492792938192
NDARINV7TB8096T,0.03940529058482934
NDARINV7TZHEHB0,0.02818268926281648
NDARINV7U0R6TL7,0.05030196424813622
NDARINV7UD8PUWD,0.049160331057627606
NDARINV7UEN9TX6,0.056549703344764155
NDARINV7W42V487,0.05430835408893891
NDARINV7W4K75L0,0.04962174882932882
NDARINV7WETNA45,0.04596479214570248
NDARINV7WH96F72,0.051436218744169156
NDARINV7WT9690H,0.036649309193443724
NDARINV7WTD2B6V,0.0336622962566963
NDARINV7XER6781,0.026029563345035332
NDARINV7XF3TWTY,0.033351518928671824
NDARINV7XUV8V0N,0.06659854350640988
NDARINV7YZP2ZNL,0.03731174474175744
NDARINV7Z1KL0E5,0.032402478488458265
NDARINV7Z1M7N95,0.05705608197446526
NDARINV7ZG74PKJ,0.041854885098812744
NDARINV7ZM9YYTN,0.05250825062083441
NDARINV7ZTZMB99,0.04427332695295747
NDARINV7ZVJYLM3,0.047566674406668424
NDARINV804KTLAN,0.030239599871908718
NDARINV80CBC0L9,0.04159194311169029
NDARINV80PL5DHV,0.026881809954957647
NDARINV8179BTRR,0.048054510905758324
NDARINV81EP837V,0.04306977849206111
NDARINV82ERJFA5,0.05038558043132639
NDARINV82HYA45D,0.03639206446404022
NDARINV84AEJJN9,0.07647812886023367
NDARINV84NCVEYA,0.04610401730217997
NDARINV84V3NTN5,0.03905909933044549
NDARINV85REKKD1,0.04619716871793437
NDARINV86PXMUHA,0.0389361529878807
NDARINV8720DP0M,0.04186715840616212
NDARINV87WRYJ7F,0.03683795797474658
NDARINV87XG4274,0.055285385073825764
NDARINV88HZ7ZCH,0.02633380348947335
NDARINV88RGRPEF,0.04645050201347422
NDARINV89HG7074,0.04327092106240003
NDARINV89WA05NG,0.041269552240185796
NDARINV8BG4EF9Y,0.031018324597611863
NDARINV8BK50DPV,0.05012872097039027
NDARINV8C5PMGAM,0.03876802236180705
NDARINV8CBT9W65,0.07864780211595832
NDARINV8CF76E8P,0.04774683355310877
NDARINV8CHKACUM,0.045399073979062905
NDARINV8CNEFJ83,0.02290487300746519
NDARINV8CY1MFAT,0.04525736884511952
NDARINV8DM1YJAA,0.0375564929600845
NDARINV8DPZJA7V,0.030905632802562415
NDARINV8DV0K9FK,0.03667897417357088
NDARINV8DZWHUBC,0.04080635599818687
NDARINV8E028M6F,0.03363617361765777
NDARINV8FHKFFRM,0.03983216381997354
NDARINV8FTWL36D,0.02162185408749841
NDARINV8GMUJRGK,0.023119805101349755
NDARINV8GWBGTAB,0.038066880306660646
NDARINV8HBTBDE2,0.03441206460682591
NDARINV8HTB1ND3,0.04305281911419358
NDARINV8JHCHHNT,0.04719354345627831
NDARINV8JJXHDK8,0.045373728012260264
NDARINV8K2DKV3D,0.025070295099618573
NDARINV8K5LRYHL,0.03656497001854786
NDARINV8K9N9DEZ,0.04110967195499294
NDARINV8KD4PFH7,0.04331498917320434
NDARINV8KHWVMVW,0.0319296971833947
NDARINV8KUKEWXK,0.023439115795087957
NDARINV8KX9UXKE,0.032599839478895304
NDARINV8L9X8K59,0.03609798730970148
NDARINV8LZNH731,0.04932629281948917
NDARINV8M1VFMR8,0.03779243113515913
NDARINV8M2Z9BTA,0.041447468959114823
NDARINV8M3DC6NP,0.026437192249459222
NDARINV8M3JENZ9,0.03305206008945169
NDARINV8MD5H3AW,0.036419132174022345
NDARINV8MHLZCL8,0.0433750454958494
NDARINV8MYP0F8J,0.036150974271919954
NDARINV8N1M50YL,0.048424347689719614
NDARINV8PAZYD33,0.032502778284226
NDARINV8PE4N8DM,0.025636254388091265
NDARINV8PM4DHGY,0.034877828146284574
NDARINV8RP64EBL,0.03936295522082671
NDARINV8T0MD0HG,0.04034185484257223
NDARINV8TFN2FX0,0.05088227634801927
NDARINV8TJJB3MY,0.041123239100836984
NDARINV8TWGX6LF,0.03614366164391854
NDARINV8TWNRCGG,0.0588856985035416
NDARINV8U4HJYJ1,0.05394598085096444
NDARINV8ULGYC8V,0.059415485547171076
NDARINV8V6A6DDE,0.060293659545216996
NDARINV8VA4L6RD,0.05803669986633218
NDARINV8W0LZJ4G,0.04185599793950034
NDARINV8WBV631M,0.040413006973681026
NDARINV8WTDM5PA,0.03688525428875348
NDARINV8X4L319G,0.057039024380071204
NDARINV8Y1VD9H7,0.03242810925515328
NDARINV8Y8A8NU0,0.051670840954888886
NDARINV8YW7NZDX,0.04328616546202424
NDARINV8YWYM3BL,0.05503007281913907
NDARINV8Z3G152U,0.029792013534326173
NDARINV8Z4PTP56,0.04407014761766457
NDARINV8ZBNEBU4,0.04778349943483866
NDARINV8ZJDFVDW,0.037484419985735255
NDARINV9053L040,0.05126879608269966
NDARINV90DJ18JF,0.041813560546533235
NDARINV90EAVZED,0.024673976768712413
NDARINV90T8PKLB,0.0454817617742979
NDARINV911FW8FP,0.04654094163048968
NDARINV91MTH18D,0.04132606231290562
NDARINV91P92GNW,0.043193229066692464
NDARINV925PNR1C,0.03446408377074818
NDARINV92V7K5PE,0.027109199102362216
NDARINV92Z89C3Z,0.037053885237518736
NDARINV93U4YVJ1,0.06822399605512006
NDARINV94N0G9TC,0.03404503870275183
NDARINV94N4B0N9,0.0400633781222389
NDARINV953WUR8C,0.03268049677956924
NDARINV95TJXP19,0.04871789498925371
NDARINV963N6B2W,0.031514866663794244
NDARINV96LJXHD0,0.04229239377340865
NDARINV96YWY80W,0.03806748014098932
NDARINV974A9111,0.022417153236491055
NDARINV97EZB853,0.0340552006691098
NDARINV99BP99WU,0.051879924334028445
NDARINV99DBA2DJ,0.044467401784629414
NDARINV9AP81GGJ,0.026806762081569423
NDARINV9BBUE6LG,0.043041197770312324
NDARINV9CEXNF7D,0.0401817293492051
NDARINV9D044E5P,0.05457204296605728
NDARINV9D1R1M0C,0.039502197635334274
NDARINV9D4JG706,0.037497980297208966
NDARINV9D6W29Z7,0.023672614133926555
NDARINV9DV0865Y,0.023892507558487583
NDARINV9E5462Z5,0.03292075701641366
NDARINV9E57ARM0,0.02938883685754378
NDARINV9F4G1M9E,0.04382444139118948
NDARINV9F618PVY,0.03697138392337587
NDARINV9FXBK9TB,0.04448843994543512
NDARINV9G7FY3HX,0.03446156670151721
NDARINV9H9R20K5,0.032819996242094654
NDARINV9HVP5GZ1,0.04745721565131374
NDARINV9J0ZB3NY,0.040499954032052664
NDARINV9K595FHA,0.049171160104894106
NDARINV9L5C55GA,0.03622819685918798
NDARINV9LVF1WUU,0.06390037755437832
NDARINV9LYA6D2J,0.04132542212539296
NDARINV9LZU5PJD,0.033385495871614476
NDARINV9MAPUA7C,0.03637449014361817
NDARINV9NXP23VX,0.03275099160501888
NDARINV9PJ7VRDA,0.04349311039898059
NDARINV9PTH3VTR,0.04962732684815221
NDARINV9PUA8D0B,0.049663842980763845
NDARINV9PYFVDC9,0.0496733549276082
NDARINV9TE5V8TH,0.033330160200760205
NDARINV9URXZ3FM,0.04793976390242427
NDARINV9UW3YHRB,0.02033702255869274
NDARINV9UZXV6TK,0.05012168322309738
NDARINV9V1ANUDZ,0.04121349701018988
NDARINV9V9MLV7N,0.035688523138095014
NDARINV9WKYUT0T,0.02820292856251494
NDARINV9X7P9U2G,0.06063316578015108
NDARINV9XA5VMF4,0.02568037940457071
NDARINV9Z6E4FXG,0.039326012551471355
NDARINV9ZFFC49P,0.020734464226328728
NDARINV9ZNYBPMF,0.04194551147809707
NDARINV9ZZA72ZY,0.030786866133681007
NDARINVA1018P2X,0.03141151442846975
NDARINVA1A2WJG5,0.040769244258114457
NDARINVA1BEPBK9,0.03375919145693956
NDARINVA1PNCBDH,0.04099975573987298
NDARINVA2KW69TW,0.04569809645693521
NDARINVA2ZPZTJJ,0.047473407604200685
NDARINVA354YMUE,0.03965201558218835
NDARINVA3G711KJ,0.03831995353282662
NDARINVA3VX7WRD,0.037094824226568485
NDARINVA41WLWNU,0.028007845905882327
NDARINVA47KYGTV,0.035333291469839
NDARINVA4EVCYRA,0.04211628656281897
NDARINVA4V1CUK7,0.05291307318244733
NDARINVA4ZHJBK2,0.029675068971221526
NDARINVA6LB7NLM,0.052285034983254444
NDARINVA6N6NV10,0.0380461341959699
NDARINVA6WTAHL0,0.035727340006192224
NDARINVA70NMJZP,0.023722871037492793
NDARINVA776K15W,0.024860503255172087
NDARINVA79CZENJ,0.04715171011433441
NDARINVA81M2MAF,0.0430096545563419
NDARINVA8VDXCHY,0.029284726275165388
NDARINVA940A4NE,0.06730505597966904
NDARINVA9YBPFCH,0.03338913070781795
NDARINVAAX7P792,0.043294993538346274
NDARINVAB134L14,0.04783150116986255
NDARINVAB4LD7PL,0.050733880553798266
NDARINVABCY2GG6,0.0412887488511394
NDARINVABLFF21T,0.04488590457929695
NDARINVABMM7ZRX,0.036980979234269525
NDARINVABRG7EH0,0.04625626631756087
NDARINVABT64EYE,0.020711006147832816
NDARINVABY2MJRN,0.05653206882925519
NDARINVAC8KCUT4,0.0494904585624317
NDARINVACWHYYFT,0.03691309950747948
NDARINVAD527HMC,0.03561777527738896
NDARINVADJMFTFP,0.04744335716972714
NDARINVADMNXPWH,0.029065783059966616
NDARINVADX6U66L,0.05513418701634606
NDARINVAE6F0NRP,0.05254845389727318
NDARINVAFGG3213,0.03187646761562035
NDARINVAFVV598X,0.03233128618585841
NDARINVAGKTLUJU,0.036825069155147674
NDARINVAGP8V8LW,0.038391945083709314
NDARINVAHHN0B3E,0.05065369079728423
NDARINVAHREHU85,0.045999613144211825
NDARINVAJ78XD39,0.05323174879399938
NDARINVAJHPG2YC,0.04539675039332559
NDARINVAKMT4BEA,0.03660965067429346
NDARINVALXUBB3W,0.041194923160228616
NDARINVAM1DW4J2,0.027946711039833195
NDARINVAMJTLR9N,0.033821214973887036
NDARINVAN1G06D2,0.03771044481677668
NDARINVANH9WRCV,0.040413150579973044
NDARINVANMZGAVD,0.05217047469307886
NDARINVANZ68BY0,0.03488795962452183
NDARINVAPFA98LF,0.03948771840320648
NDARINVAR6CM6PB,0.046776228104645316
NDARINVARECPXAP,0.05516686974081481
NDARINVARJG7LG1,0.04082943462318849
NDARINVARWXFNJF,0.025761453122316102
NDARINVAT01LBA6,0.03467346972649708
NDARINVAT7AUUPF,0.03903171679561393
NDARINVATGY6TA4,0.04161128551736367
NDARINVAU8YJ8BH,0.04360165858562137
NDARINVAU979320,0.051033554386461843
NDARINVAUPF28ZE,0.03778956994912153
NDARINVAUR9UZH4,0.04978026580171468
NDARINVAWA5076Z,0.048577727445349606
NDARINVAWBG0K00,0.03648258438304868
NDARINVAWBNZMY0,0.0401986275925521
NDARINVAWNDT22T,0.02984305310678917
NDARINVAWR7CA19,0.029699189778630265
NDARINVAWUHPL3X,0.02396468597422195
NDARINVAXGVYABC,0.03892707987130337
NDARINVAYC2PLB5,0.04598995647892543
NDARINVAYCZM73P,0.040790398681607165
NDARINVAYDXW667,0.044413550550088415
NDARINVAYHAR3EY,0.048708822322243515
NDARINVAZ2THFRK,0.04969730261562711
NDARINVAZ4ZE28H,0.03920909503038353
NDARINVAZPCL56V,0.045693340151435134
NDARINVAZYU06NV,0.035865861703016796
NDARINVB015B6D3,0.025045302422551482
NDARINVB08C0TZH,0.05221730121196063
NDARINVB0ADADN3,0.04091620590728305
NDARINVB0CTH1JW,0.029583468773179276
NDARINVB0G69H1H,0.06213188428106226
NDARINVB0P6W6EC,0.03809925935551937
NDARINVB11UX0B3,0.04320424454862682
NDARINVB1BC9HDJ,0.0393657861890747
NDARINVB1E3XW7P,0.04886582990621182
NDARINVB1U31PV9,0.05246734340012568
NDARINVB20VM7P8,0.05225132288457487
NDARINVB228FCJ6,0.05411014633889428
NDARINVB240DXDP,0.03563910964563919
NDARINVB2FVBDTD,0.03236874394831168
NDARINVB2KKR9FP,0.06118585314223607
NDARINVB2PAU417,0.04747457325917318
NDARINVB3CU3GHK,0.033726895706707234
NDARINVB3JNH7F6,0.03848258492459861
NDARINVB3VHJDXU,0.034315835603319175
NDARINVB49HX84F,0.026884345973584994
NDARINVB4M89GUP,0.04739364427797573
NDARINVB4Z46M1B,0.03697105699034181
NDARINVB5JG1BH6,0.062252129419931065
NDARINVB5VJ3KEG,0.03930732986890822
NDARINVB5VK9XEN,0.03431054074832514
NDARINVB6N2VN7X,0.03878803935507552
NDARINVB74PPWH0,0.03634116178164319
NDARINVB7CBMZ2F,0.02950886965610276
NDARINVB7CUAZH9,0.0378924981250286
NDARINVB96RJ10D,0.049543284268619016
NDARINVB9G2X39Y,0.025796611982081823
NDARINVB9VMNMMZ,0.029145699994173387
NDARINVB9WLDALN,0.028284739857050652
NDARINVBB64CLXY,0.036502125468468795
NDARINVBBKGL2B8,0.04152133304555328
NDARINVBC53RFDD,0.030123721995585075
NDARINVBCEBWGDG,0.03146614295073496
NDARINVBDAMTERV,0.029243348450185818
NDARINVBDE6PW3H,0.03655801865391318
NDARINVBDMGZK3B,0.05733225183197582
NDARINVBDVLJXTL,0.04018171680412275
NDARINVBDXU5BUT,0.050672276926953655
NDARINVBE3GZCPG,0.055018893255942586
NDARINVBEG60AUC,0.036499535453846654
NDARINVBGMH3BZ3,0.0684750597108457
NDARINVBGYRJERP,0.020631932246654
NDARINVBH7UHE62,0.037911073109957706
NDARINVBHCAN3DK,0.031961217000580515
NDARINVBHD2GF0Z,0.029784885288450746
NDARINVBJ8CZ3CJ,0.03060976048841493
NDARINVBJUB7H8B,0.026086340587082067
NDARINVBK1CNLJ5,0.053097116165771605
NDARINVBKHXB1E6,0.03648884132174279
NDARINVBKNLWG3Z,0.037940418301200485
NDARINVBKNVGWPC,0.038430985809740664
NDARINVBL3B50GW,0.0327841287387298
NDARINVBLHP1W5L,0.031483851976908415
NDARINVBLR3A9XC,0.0286348311784275
NDARINVBMBVZTAG,0.06401386841825721
NDARINVBN1EY1AM,0.04044637940736133
NDARINVBN32J01P,0.04347596494835739
NDARINVBNKYC33Z,0.021921249559942742
NDARINVBPBXFDRZ,0.045623365580939906
NDARINVBR0R4R8M,0.06631505477264203
NDARINVBR0V5H2X,0.04106685504249363
NDARINVBR1ZHAEJ,0.050940050773190346
NDARINVBTLEZJL0,0.03628584973152455
NDARINVBTWHMF8T,0.04229853567897422
NDARINVBUBD3WNE,0.03269264907788256
NDARINVBUEMRDVF,0.037514535938133815
NDARINVBUPMZF11,0.03724012242686774
NDARINVBUR63H05,0.04204608208697023
NDARINVBUZ6HVF0,0.024972936603181672
NDARINVBV75E69L,0.041042738137903496
NDARINVBVDU98XG,0.03983847385542994
NDARINVBVUJB0R3,0.040898265596714105
NDARINVBW3JU66Z,0.05753493468096776
NDARINVBW8W61WT,0.04356468687030971
NDARINVBWMPM306,0.032442004157236186
NDARINVBWZ4GF6V,0.03394859607911563
NDARINVBX1Z1PJ9,0.037802096442365006
NDARINVBXDF81XE,0.019993880640093598
NDARINVBYGZT3F6,0.03551777484867146
NDARINVBZ1YG32T,0.032285695158755075
NDARINVBZ9H2FLC,0.03954610049632839
NDARINVBZJGG4AN,0.02882951926338795
NDARINVBZNT6DTT,0.02852334789288187
NDARINVBZZ8KWTC,0.06228240564314316
NDARINVBZZGY7AM,0.020728505727947787
NDARINVC0LR31N5,0.030778593066425445
NDARINVC0W9C4R6,0.02889674770112712
NDARINVC1TLGE8E,0.031199052020407805
NDARINVC25291CE,0.03059062228788223
NDARINVC27Z02JK,0.041268340257684825
NDARINVC388V5RH,0.03959337650892991
NDARINVC3A7UBT2,0.048437952095806994
NDARINVC3E7K9A7,0.05633947776564047
NDARINVC3Y8MBZ8,0.04157528360751443
NDARINVC4CMCEGE,0.031174258076119926
NDARINVC624EF1K,0.035552363266370256
NDARINVC63Z86E8,0.03167732291792208
NDARINVC6941X6U,0.04698415333773045
NDARINVC6KRAHVE,0.04162532848839081
NDARINVC7HBE7N7,0.047543992402652814
NDARINVC868NEEC,0.03605198827273093
NDARINVC96FRWYB,0.06437281390074286
NDARINVC96XA4XL,0.02503731885249094
NDARINVC9XCZW0F,0.039342862237915645
NDARINVCA6R8P2J,0.05646305621680945
NDARINVCA6UX1YE,0.04708150907141662
NDARINVCACFMM98,0.05355925152235139
NDARINVCBM6X4MC,0.05783273708484854
NDARINVCC7178BU,0.03967854135683237
NDARINVCCYUB5TM,0.03313009365778348
NDARINVCDNAUD1U,0.04650587393484367
NDARINVCE16DXG2,0.03855037625887187
NDARINVCE74W945,0.04812568161306718
NDARINVCEBCR090,0.04794237969059156
NDARINVCEJHKU6W,0.03087418216424216
NDARINVCENTPAJU,0.04115446764021265
NDARINVCFK3HDCF,0.040004259349947974
NDARINVCFPMDG7R,0.050102809566123056
NDARINVCFTDDBW7,0.053685094243828904
NDARINVCFYN2FEF,0.03715947515683666
NDARINVCGBM7G8T,0.030815846931644245
NDARINVCHLG4G6P,0.03641912342154924
NDARINVCJ001M61,0.03219216461052598
NDARINVCJ0YPLW6,0.03275798593117368
NDARINVCJJ6DH5D,0.03625170070804708
NDARINVCK8BV0JF,0.037460101489784174
NDARINVCKA8AFM8,0.03280749108527628
NDARINVCKTT8HAT,0.0451882563951715
NDARINVCL50XAPB,0.06112240460031988
NDARINVCL57VY2A,0.020033743458774296
NDARINVCLPUR48B,0.031994346073544976
NDARINVCM8902RM,0.03763098152186962
NDARINVCMGFWG2E,0.035879484441833545
NDARINVCMZW3E54,0.036748930312506894
NDARINVCNGUX127,0.040986827213408246
NDARINVCPAB62JD,0.03657806146539413
NDARINVCPMFLM9H,0.058493816829421806
NDARINVCPUDHWZM,0.037678332624987355
NDARINVCRKZ5CYD,0.033434174655609966
NDARINVCTFL718M,0.027574836396968543
NDARINVCTHR2CNF,0.034892063073736185
NDARINVCTUNLN80,0.05034952109996709
NDARINVCU04NHFZ,0.040352393299098815
NDARINVCU4L4APH,0.03486405738919234
NDARINVCUTYZFH7,0.03288069454119546
NDARINVCV0BAW89,0.049317288213398466
NDARINVCW8WDA3J,0.03285709243483262
NDARINVCX7YWXVP,0.02635776173558233
NDARINVCY81EJ52,0.04981288281916907
NDARINVCYDU871W,0.05127755511039703
NDARINVCYF28BRB,0.05133873104060706
NDARINVCYFCWE6X,0.038353529060666275
NDARINVCYVYJKMV,0.04219960754106694
NDARINVD0VUNDTN,0.03672921257135974
NDARINVD13XNZ1E,0.035043862783472546
NDARINVD1DCEAJH,0.03978662570320175
NDARINVD1ETWWPE,0.03905009137496525
NDARINVD1PL1RD3,0.030597249511957973
NDARINVD1WVLLJ1,0.028717524607026687
NDARINVD1YTW0G6,0.04186240583749027
NDARINVD25VAT32,0.048605983710318545
NDARINVD2V80DW2,0.05267576842733981
NDARINVD3D1K2BX,0.039686070105094604
NDARINVD3GNFZJJ,0.05523808916239785
NDARINVD45YJJRT,0.0379130162353054
NDARINVD5B0X85Y,0.02478635592438491
NDARINVD5FWJDCY,0.05261381613721301
NDARINVD5UV2RGA,0.035127993110398534
NDARINVD5XAZXJG,0.04317599894463851
NDARINVD5ZMXFG6,0.03351868536899473
NDARINVD67JDXM6,0.02837607978240316
NDARINVD69WPF6G,0.04380886232991599
NDARINVD7D90WV5,0.02487307215425262
NDARINVD7KE07MF,0.05011271332130861
NDARINVD7RR0C8L,0.03499299285914591
NDARINVD7UZ5ABH,0.05026984555214326
NDARINVD7YYK7CY,0.03609436362716004
NDARINVD806H93D,0.056083653260892166
NDARINVD83LZP78,0.053920753387926686
NDARINVD84HH9B1,0.04791570931708532
NDARINVD9KW5TPY,0.03836926967591751
NDARINVD9L81NY5,0.054900707162088544
NDARINVD9ZEJ36L,0.03614881927667161
NDARINVDB28XX06,0.04215450574495455
NDARINVDB8CUMHL,0.034568688249768345
NDARINVDBFPW3EK,0.06407274622124999
NDARINVDBKJ96UF,0.044009257882213215
NDARINVDBNVP9UD,0.0608243392599809
NDARINVDC5LMY0K,0.03663157943817857
NDARINVDCFU6FKR,0.03445063702312273
NDARINVDCTNAUD1,0.04114234555238779
NDARINVDFHXELP0,0.044774711718036674
NDARINVDFY7YYM9,0.027866088057881665
NDARINVDG4FUC70,0.04832072715813082
NDARINVDGP58A6H,0.04567021413295824
NDARINVDGPX16XN,0.053449824160838474
NDARINVDGTRNE7V,0.04431421509930421
NDARINVDHJV77RB,0.029054095632244013
NDARINVDHPX2Z6Y,0.027684597135283436
NDARINVDHRT3GB2,0.03816476579184462
NDARINVDJDNYY46,0.04413427137049827
NDARINVDL8U4ZNT,0.04770447205590954
NDARINVDLEUAKLH,0.03781770503308291
NDARINVDLJB7FKL,0.04818436688453229
NDARINVDLR8T512,0.055734907681853234
NDARINVDMD17V8N,0.04075856456225962
NDARINVDN453NWJ,0.03937747062188515
NDARINVDN5NUU7W,0.03173034829859774
NDARINVDNNCWZP6,0.039438861939119316
NDARINVDP5670V4,0.0369334936127754
NDARINVDP6X7EL4,0.050681335518846835
NDARINVDPU8752W,0.03406434047601767
NDARINVDREL4LBY,0.03779536956775932
NDARINVDRM97DTU,0.024302044119605546
NDARINVDTAY6VX0,0.0410471228549582
NDARINVDTKLRD8X,0.05083250565640185
NDARINVDTL56WZU,0.03539221343600545
NDARINVDU5LEWJK,0.05257763368751613
NDARINVDU8NAVRN,0.04437085263700328
NDARINVDULBXX1K,0.03810615353291572
NDARINVDV34EFNH,0.035274305748914415
NDARINVDV403EUN,0.03735237437804672
NDARINVDV9BYP17,0.04192014246406185
NDARINVDWR71C3N,0.0459626318121419
NDARINVDXVD4UW0,0.02249465323668394
NDARINVDYNUN0GN,0.03794349304760506
NDARINVDZT03PNN,0.02859342261825923
NDARINVE073JNG1,0.033921880367138
NDARINVE0CL572F,0.038712709541083086
NDARINVE0MBDEG1,0.02009067528637449
NDARINVE198R99Y,0.026313988668917793
NDARINVE1F5L504,0.04717890542140421
NDARINVE1HR9837,0.04302863447174423
NDARINVE1MRKJ3N,0.05774789836796583
NDARINVE1XNAPC7,0.036015446467232315
NDARINVE26RRHNP,0.04285991066164628
NDARINVE2GEK6A2,0.028441177385527924
NDARINVE2TMN5K2,0.037047443645442685
NDARINVE367LYLC,0.04847048049467115
NDARINVE3V8C4N5,0.03748724103380581
NDARINVE4BZT1U8,0.04559788005461563
NDARINVE4D49B9Z,0.04410637549801011
NDARINVE4T6ZUA5,0.04860515670843021
NDARINVE51WF5J0,0.03324197953739567
NDARINVE5K3E4XA,0.04010032033112279
NDARINVE7ZTHWWW,0.04051603136667169
NDARINVE82EGZJB,0.04456491223136636
NDARINVE85HG9YD,0.04190625951817565
NDARINVE860RUUB,0.03018385599879773
NDARINVE8DG7RVD,0.03332633914584967
NDARINVE8FNCVCL,0.04294610920260358
NDARINVE8L6WHAY,0.03124323535343674
NDARINVE9UPJ2ET,0.028260769792528524
NDARINVEAH0VU8C,0.02468761853561377
NDARINVEB59FX7V,0.044664536026967766
NDARINVEBFULY5Y,0.035477227888597175
NDARINVEBYKBJ5Z,0.02879797723797901
NDARINVEC4FTVA6,0.03256114179862629
NDARINVECFADJPF,0.06419677979666634
NDARINVED7CA79P,0.05250609997834257
NDARINVEDALBX5M,0.041370323357194476
NDARINVEE6R9ATH,0.03636866078169051
NDARINVEE9A4993,0.043160062102634615
NDARINVEECTB567,0.02958754451623221
NDARINVEERV77GP,0.04662430704891988
NDARINVEEVBDEC7,0.027530192331885688
NDARINVEFZDW1ZR,0.0360375642590146
NDARINVEGER8LYM,0.04885282161655809
NDARINVEGFEVU9N,0.04353512128555937
NDARINVEHLY59UX,0.02860188454446745
NDARINVEJ2BUCAH,0.03696504938439049
NDARINVEKN9FWNN,0.047389304820730734
NDARINVEL7GGP0Y,0.03204480772602739
NDARINVENACF8VK,0.027743866782402878
NDARINVENLU0EN4,0.037849973159693906
NDARINVEPDHTY87,0.044980137864884105
NDARINVEPEE5V5J,0.03284569851700453
NDARINVEPPVALP0,0.02536391830609229
NDARINVEPV33CZJ,0.03759866088847781
NDARINVER3Y13P5,0.04289645053781718
NDARINVERTEM0DZ,0.04120967813077382
NDARINVERU8ZJKV,0.050534456592720045
NDARINVET1RUD2W,0.03367649668943702
NDARINVETDKN8PJ,0.03916091164459511
NDARINVETEZAGR2,0.04151393332404597
NDARINVEU6NMEWP,0.029296754094466974
NDARINVEUL8X7PX,0.03788209175234969
NDARINVEUR2B638,0.052039306331986314
NDARINVEVN2CFJL,0.026232768982941915
NDARINVEVXYPYFU,0.02634645034683588
NDARINVEWDP96RH,0.045133321864846664
NDARINVEXAKNZ18,0.043636846415024716
NDARINVEXJ42WJT,0.038604124914720116
NDARINVEXV8BJ4M,0.047196294601084064
NDARINVEY3GRANZ,0.06925495015506054
NDARINVEZNGVY2P,0.02804588087553504
NDARINVEZZEG295,0.03452278325064306
NDARINVF039FKEV,0.051259607057320924
NDARINVF0G439YW,0.026763240154692485
NDARINVF10GU9K6,0.03217446233709098
NDARINVF19VWPA1,0.035988091138927834
NDARINVF1TB9CPJ,0.040606685800880865
NDARINVF1W2BTPZ,0.05073582455162431
NDARINVF2BU99TZ,0.029743293019053662
NDARINVF2KR1Y5T,0.029468826438782365
NDARINVF3EWHDJR,0.06383397235931192
NDARINVF41DEHAC,0.03286726165527755
NDARINVF46ZBBVA,0.02349441634933944
NDARINVF4ADZ6G5,0.036243340935124005
NDARINVF4Z1R5WK,0.04115897302683098
NDARINVF59ZM3ZJ,0.051897228573917265
NDARINVF5G6PA74,0.06478506813494778
NDARINVF5JAU1UT,0.035803033187776355
NDARINVF5JET3CJ,0.024131666090602678
NDARINVF60M393G,0.031147206960281695
NDARINVF65R9VTJ,0.04831788361954756
NDARINVF76ZR3W2,0.03721391114221099
NDARINVF7K681U5,0.03882277535549592
NDARINVF7UTX830,0.05927074484832312
NDARINVF8WF9476,0.04795893325097509
NDARINVF9LU8GW8,0.045477539897338534
NDARINVF9XWPX7P,0.031553431546892226
NDARINVF9ZWE4J9,0.03591034029628084
NDARINVFA0DV854,0.04746458897556933
NDARINVFA2VZJ0H,0.04828283318764315
NDARINVFA37LXB3,0.04504027886870745
NDARINVFA7TAR0L,0.05444291675637095
NDARINVFAFNLCWD,0.05177898651633111
NDARINVFAFY497H,0.03933561433281725
NDARINVFAM4RN2C,0.03740716229251601
NDARINVFAMRPW9C,0.04038851947615708
NDARINVFAYT4PA6,0.022147555066452176
NDARINVFB03XKRE,0.04809130049307016
NDARINVFB252NMF,0.04167014303090941
NDARINVFBL5N49H,0.03306017705638283
NDARINVFBU7WX6N,0.030716546460237696
NDARINVFBV98M5D,0.034093334474340674
NDARINVFC3UW2LX,0.03405669988606848
NDARINVFC8MZRJA,0.032367878805452506
NDARINVFCN9U0EN,0.04717489168416625
NDARINVFD34548C,0.04685543381404919
NDARINVFE5VTN03,0.030505110399107794
NDARINVFE9E90ZH,0.0355003952868522
NDARINVFF1FE8EN,0.051505572040107805
NDARINVFF516WUR,0.05066995190929312
NDARINVFGGFCCWJ,0.033468743797564725
NDARINVFGWDM502,0.03350481036736669
NDARINVFH4MDTK5,0.042043603832662695
NDARINVFH4ZYJY6,0.029684050559571303
NDARINVFHKMZUZ5,0.040183040856023505
NDARINVFJ47RZ0M,0.06490240980271085
NDARINVFJAEBAJX,0.041648998160379445
NDARINVFJEW218J,0.04391561843607028
NDARINVFJH3K335,0.03474554048986375
NDARINVFJP3171C,0.04514852290226542
NDARINVFKFN7X0T,0.03873879305803706
NDARINVFL02R0H4,0.028488249010907525
NDARINVFMBDTV7Z,0.031884714320887256
NDARINVFMJCXXYX,0.04202789229227895
NDARINVFN0UUKK3,0.04132421532837324
NDARINVFN8AVY82,0.026378738452336556
NDARINVFNTYG8BX,0.0541658804271787
NDARINVFP0XG9V9,0.032595064541618875
NDARINVFP6B90MX,0.024001093426024574
NDARINVFP8B264R,0.018850301020132878
NDARINVFPC3YFJZ,0.049694462180006276
NDARINVFR8HM2WT,0.03923970321245577
NDARINVFT8JL0KV,0.027244350309072796
NDARINVFTCMGAD3,0.022189933530083212
NDARINVFTL7AL99,0.03583575547873916
NDARINVFTMK8040,0.038058923654077655
NDARINVFU3NBCDA,0.02823529120654191
NDARINVFUL1CNV5,0.042830027216384015
NDARINVFUMACGW8,0.053475861748410375
NDARINVFVK6MXVG,0.031547193303205996
NDARINVFVKL3D0C,0.029471962144359973
NDARINVFW085ZMA,0.04843196002824031
NDARINVFX9F9REG,0.04646488234540487
NDARINVFXBP5YUC,0.03089459454574969
NDARINVFXG8A4V4,0.06316828539175896
NDARINVFYDAK53G,0.02575228464936273
NDARINVFYEE30PX,0.0329983873443386
NDARINVFYT4DP3T,0.0496241346448735
NDARINVFZ4F6Y38,0.03265196974263846
NDARINVFZ7B9KJ8,0.05632371532104144
NDARINVFZ7T2G2T,0.04055797692745749
NDARINVFZ97ZA0Z,0.04760627380647036
NDARINVFZDYMM0B,0.034428621418621685
NDARINVFZVU8EG1,0.03804643658049344
NDARINVG00KTZDF,0.03646711318347508
NDARINVG09U8D04,0.04924786228743111
NDARINVG0E0L3HV,0.04407148995698707
NDARINVG0F3TJPW,0.06147765186291353
NDARINVG0GY52R2,0.05787152933189208
NDARINVG0PD8MBV,0.025061414174512176
NDARINVG0ZNL58U,0.04480788653533253
NDARINVG19M2F39,0.03610836536843162
NDARINVG1CR55JE,0.054838279616270684
NDARINVG1TXFJX2,0.039480464492441664
NDARINVG1U31EWC,0.04702784456296995
NDARINVG22CUD0M,0.03890657722997913
NDARINVG231DCYX,0.03982057449098353
NDARINVG25GUYN2,0.021914292485833747
NDARINVG25VMDZ4,0.028424902427312736
NDARINVG269TZZX,0.03505743538439622
NDARINVG2H30ATD,0.049760252920762145
NDARINVG3C96BLD,0.030988829820120637
NDARINVG429P74M,0.03242884012978778
NDARINVG4VG9M98,0.03308991631968407
NDARINVG55HTLK3,0.03571669700213732
NDARINVG5M25E6R,0.030485769415264898
NDARINVG6VRYVW0,0.041520857830873115
NDARINVG758EVT9,0.035166459393146686
NDARINVG88720Z7,0.041942534035760475
NDARINVG8JBY950,0.04488315241812261
NDARINVG8K37NDD,0.041795913800151116
NDARINVG8RB25N1,0.03456140875002105
NDARINVG8VWC1TN,0.03965443506163127
NDARINVG91T2JF8,0.04105607137781702
NDARINVG9JGX9UJ,0.03340806988212308
NDARINVGA9CN12W,0.054818928368526254
NDARINVGALZWY31,0.04546939237008791
NDARINVGBLP7T9X,0.0481234336687199
NDARINVGBTLTG2G,0.05062150641187082
NDARINVGBZEWNU8,0.03305076502517074
NDARINVGC8JKB63,0.04671865949761775
NDARINVGCFRP15A,0.036601094230291585
NDARINVGCZFBJ6B,0.028894969269289417
NDARINVGD45AN4V,0.059112193385846994
NDARINVGD7X7HAX,0.026721292739545516
NDARINVGD8NMY0B,0.031258267932107314
NDARINVGDD473JJ,0.022587875358865975
NDARINVGDDJLHJ5,0.04169016040636775
NDARINVGEBYNHG3,0.031075487126379094
NDARINVGEHCD5AD,0.03726830844908405
NDARINVGEUD7WNN,0.04088982458841623
NDARINVGF5M5HN2,0.04774801964125456
NDARINVGFCRX7YW,0.031231428827001816
NDARINVGFDT73J0,0.03801804821249268
NDARINVGFRL1TJF,0.04742583014392662
NDARINVGG87HRBT,0.050880925530746586
NDARINVGGJJVCTG,0.043804613366184776
NDARINVGGLZ1NPJ,0.029718549343999492
NDARINVGGTAVRP3,0.03884381791549909
NDARINVGGWR0CHT,0.04162373141691435
NDARINVGH5DHURH,0.05286086680059252
NDARINVGH9BLP1B,0.044483144374524206
NDARINVGJF2VDBE,0.03800628674210748
NDARINVGK2BKPLT,0.03769039536872009
NDARINVGLL8G9PW,0.04474815730269643
NDARINVGLTMA4LA,0.039636269667524864
NDARINVGM5D6MEW,0.03278516956239268
NDARINVGMZBFT9W,0.0430302759125385
NDARINVGN54BJA4,0.04030565080341245
NDARINVGNBTJYEB,0.03887139458543764
NDARINVGNKUYWNE,0.028449526468858125
NDARINVGP88W2WM,0.032763140833200075
NDARINVGPH4CP68,0.05804227038802815
NDARINVGPLJDFMK,0.04120789197158771
NDARINVGPPUVVG4,0.03164137410077573
NDARINVGT92D3H6,0.05291698856571548
NDARINVGTA6ENJ9,0.02825250842895255
NDARINVGTFA77XH,0.049954064178386756
NDARINVGTLHXWHH,0.036855908116095806
NDARINVGW6CFXWJ,0.05158754224443631
NDARINVGWF3GZ8C,0.025997807570640137
NDARINVGWG4RUR9,0.03814220466035967
NDARINVGX2KR8D2,0.03805329381357157
NDARINVGXCZ2ELG,0.04325263921929791
NDARINVGXEX8Z13,0.049947378745828316
NDARINVGY0PW5XA,0.04561039463160485
NDARINVGY4WAXPR,0.02553395016238226
NDARINVGY8VBRN0,0.04390205167342543
NDARINVGZGA0K2U,0.0306227747540997
NDARINVGZRC78EX,0.06238256383738949
NDARINVH0474HRG,0.041937958720563995
NDARINVH0XFB3A4,0.04576713693161506
NDARINVH13A9F8Y,0.03002234956239333
NDARINVH140XTLK,0.05000423184259943
NDARINVH1BGGDYR,0.037947776913073814
NDARINVH1DLLYY5,0.02454002324454933
NDARINVH2NBUFF1,0.03318038757994585
NDARINVH2Z0457H,0.046884233855376024
NDARINVH3MZK10Z,0.04140622702343742
NDARINVH4DCU3R1,0.052346685288916166
NDARINVH4GRJ9MA,0.032513362808036655
NDARINVH4UTCCY9,0.03616013572808598
NDARINVH5LXH4TB,0.041441483758376654
NDARINVH5T6D1AK,0.02698824588757781
NDARINVH6HR9EFA,0.03573686273548476
NDARINVH7TM17PE,0.04455777271592883
NDARINVH8CK6W6R,0.03702639549021904
NDARINVH8FRH0UK,0.03499773712868591
NDARINVH8J67ZNJ,0.03362117317730948
NDARINVH8RRAUU7,0.02148766376079949
NDARINVH907TWMT,0.06036899453230073
NDARINVH97X81MU,0.030290698727259046
NDARINVH9BEEBTX,0.03750059089147893
NDARINVH9F934NE,0.03912944118703513
NDARINVH9G32LJW,0.02866339347035223
NDARINVH9UAFJZ8,0.05476276492779438
NDARINVHAHA8KEB,0.03678242468298508
NDARINVHBY686Y9,0.042368112225615824
NDARINVHC076FG3,0.050861383915231595
NDARINVHCG47NJV,0.05575841271405675
NDARINVHD01JT5V,0.04725244252668176
NDARINVHD5LEW4G,0.040986295575347755
NDARINVHD5Z08K5,0.05107600326179297
NDARINVHEABF6E2,0.04869263084981399
NDARINVHF0D2M6B,0.028544963439375685
NDARINVHF44URL8,0.044324146815158054
NDARINVHFB480XX,0.042577476591789946
NDARINVHFCK6N4B,0.04313805427507035
NDARINVHFVEFR9P,0.03487822613891306
NDARINVHG7XVL8P,0.045522851869499545
NDARINVHGEY0HNL,0.028173592701656626
NDARINVHHJXG6Y1,0.025926083219978975
NDARINVHHUAF7VW,0.03956367480613078
NDARINVHHUZ3XLC,0.041028081275166044
NDARINVHJ23NRWV,0.06811254123860462
NDARINVHJ8TZ0PJ,0.03566164734603067
NDARINVHK68MTVB,0.053037314959257086
NDARINVHL80JFPU,0.07262317955159789
NDARINVHLUGZ533,0.03335135353808413
NDARINVHM08N3Y0,0.03805713309441326
NDARINVHMPRZ376,0.03795450985844758
NDARINVHMR71P5N,0.03829890642396623
NDARINVHMZ86KVZ,0.044395479186444216
NDARINVHNPRTMWZ,0.031155315473507993
NDARINVHPDP068K,0.03997342892065107
NDARINVHPNB07E7,0.04050667304335691
NDARINVHPT4RWK5,0.04763739506935968
NDARINVHPU5TKNF,0.03795895991150623
NDARINVHT2VVF5A,0.06242116895940742
NDARINVHTAJ1KYF,0.03543461479068688
NDARINVHTH8AYJK,0.03386263935380681
NDARINVHTM2U5ZY,0.0328912228271175
NDARINVHUF10CJX,0.03690408413885292
NDARINVHUWXZLZA,0.061215799713890545
NDARINVHV67YYZV,0.0347387329502646
NDARINVHVXDEAGU,0.05123761822227483
NDARINVHWPUPM4D,0.029686338889895778
NDARINVHX7F3H02,0.038623930997342
NDARINVHXL07E2D,0.022787796752614713
NDARINVHY2NHY1C,0.03807966434351278
NDARINVHYH97A58,0.033354724474869694
NDARINVHZFXERBU,0.031517233690767206
NDARINVHZNNE6X0,0.04117385596931492
NDARINVJ06E2WET,0.0369969084670227
NDARINVJ0Y53RRE,0.0397160712379669
NDARINVJ1KU80DP,0.033167157723387054
NDARINVJ2A3JCGK,0.04460323427612253
NDARINVJ2LEG1ZN,0.02924509754753559
NDARINVJ2NHEXRP,0.04362949749674866
NDARINVJ35JMG06,0.05219495468966694
NDARINVJ3DJV7E6,0.03618843833767655
NDARINVJ46KXBP8,0.02880662285567681
NDARINVJ4VKABK8,0.04201100986493027
NDARINVJ5XPPK6N,0.029455281208345667
NDARINVJ67B8F0J,0.06627572227041664
NDARINVJ69E194R,0.04651278480009174
NDARINVJ6EUW017,0.045168225577676475
NDARINVJ6MH0EXG,0.030845924949799822
NDARINVJ6XC4XEJ,0.029574044412263262
NDARINVJ716H2Y0,0.05539899171632598
NDARINVJ8DBDHF8,0.044073156264262836
NDARINVJ8DDAHGM,0.031382327195623644
NDARINVJ9UUEDRN,0.03068855277066772
NDARINVJ9YKZEB3,0.03789792519624681
NDARINVJB1MMLGD,0.021771349496410058
NDARINVJB9K1ZVX,0.026927380036267764
NDARINVJBA67JP7,0.03240469264345042
NDARINVJC8UD8CP,0.030048169021855472
NDARINVJD1F4PXK,0.05222613176448514
NDARINVJDZ7L3H6,0.035138733596927554
NDARINVJF6WB6AE,0.036896877965041236
NDARINVJFBCAUBM,0.048982597002022094
NDARINVJFMWAJZF,0.04157197273400961
NDARINVJGLXMGJ2,0.03088582662725435
NDARINVJGVWMRWU,0.03664489154253502
NDARINVJH2BV4BR,0.047145170931108614
NDARINVJHCBZTEX,0.02782614902324124
NDARINVJHEF7HG0,0.04081461708112539
NDARINVJHX361ZP,0.03960428432268742
NDARINVJHYBD2XK,0.04772792562765285
NDARINVJJMH6ZDT,0.047346959944745165
NDARINVJJURZC29,0.03186665872797765
NDARINVJKBDRF1B,0.021519053476179984
NDARINVJKFGJK2D,0.03026700278114883
NDARINVJKFPZ3RV,0.03511271716805928
NDARINVJKYR0UWL,0.026688078796985426
NDARINVJLYFJ1N7,0.0271845152805068
NDARINVJMNGNMM1,0.03709810719567175
NDARINVJNAEGGEN,0.028035642490056176
NDARINVJNDY0DWK,0.017840553584688213
NDARINVJNGRXG20,0.059429048318848245
NDARINVJNR3AZM3,0.0405438341037398
NDARINVJP0XXWG5,0.03281503779533289
NDARINVJP6F56RT,0.05843893701499547
NDARINVJPA3LE7X,0.037930409371300704
NDARINVJPH56X7G,0.038746328551576434
NDARINVJPLZW1Z0,0.038986312485418506
NDARINVJR1CF0WZ,0.04843557715367678
NDARINVJRFFW8YT,0.03984203344208652
NDARINVJRG5AWP1,0.04034328935446487
NDARINVJTA9PW0F,0.041800664701427195
NDARINVJTAFGVNE,0.04910622251514079
NDARINVJTCXNL4V,0.06368792655585359
NDARINVJTR7TBEP,0.0392303968880357
NDARINVJTVM08C0,0.03542520267588402
NDARINVJTWZXR3M,0.044960171648437804
NDARINVJU8R73PG,0.030039615859214813
NDARINVJVWCML75,0.03786980429862691
NDARINVJVYJW98X,0.03315687059402631
NDARINVJVZE8PZH,0.0693224835443969
NDARINVJW4AY5Z4,0.025512134503373654
NDARINVJW94351D,0.025683707481808492
NDARINVJWAPD83W,0.0526322942880763
NDARINVJWJBC1ZT,0.039947360497423395
NDARINVJWT4V1DP,0.037322349953292575
NDARINVJWXRTDHM,0.0360523753842349
NDARINVJXT9LVJP,0.04199116101409563
NDARINVJXUKE3JB,0.06440947070545427
NDARINVJYXYG81D,0.032118743619516596
NDARINVJZ13P7PY,0.03424746668688091
NDARINVJZJBNBTC,0.026546846775741994
NDARINVJZP468AD,0.04311303091945081
NDARINVJZRV5ANP,0.041137291372498455
NDARINVK0LXC0U4,0.05145654706235001
NDARINVK10RYUC1,0.04373659292041928
NDARINVK1GY1F0R,0.02585190031633652
NDARINVK1HM1MWX,0.0406887869287646
NDARINVK20NJZWV,0.03066076653262132
NDARINVK22WXK72,0.040550292815509335
NDARINVK26MUJ57,0.03353477157946637
NDARINVK2YJBHGX,0.052275885408875775
NDARINVK2YP6EN4,0.03916301819797315
NDARINVK5C5LXD2,0.035739298772818145
NDARINVK5JP23J6,0.043514495542668896
NDARINVK5MXZ6UG,0.02494270621278148
NDARINVK5PEZ25W,0.04854380170792942
NDARINVK6JLBKLR,0.022895828896978363
NDARINVK6RANRAB,0.019113427041343528
NDARINVK6YKW0K3,0.03634092254103664
NDARINVK7150G4Z,0.04038879274552219
NDARINVK71K7VF1,0.05007711741562005
NDARINVK78X1G9D,0.05543996958103175
NDARINVK84GLG8C,0.0449942786658004
NDARINVK86BCPMG,0.018145185577042065
NDARINVK9E4206N,0.03318272796165924
NDARINVK9GFBGJZ,0.025748178525030203
NDARINVK9TRR7G5,0.03144366429477624
NDARINVKB6F3HGV,0.05317105654706826
NDARINVKC4VTG9N,0.04195987350219034
NDARINVKCAUT6AU,0.034886701991386236
NDARINVKD2D4HP2,0.03387587722639575
NDARINVKD48JEDP,0.02357556868425137
NDARINVKE2BKXMG,0.048116026357521484
NDARINVKE6Z3413,0.04887485728853794
NDARINVKE8TDKAW,0.03874974507692746
NDARINVKEARFZ9N,0.02905444402975955
NDARINVKEDY719E,0.03213354439358252
NDARINVKFJWT11B,0.050591276636479825
NDARINVKFMJ0NH7,0.038479542227267065
NDARINVKFNA5PDB,0.026721775563062558
NDARINVKFUY5YHC,0.031699781045975345
NDARINVKG5M5RTF,0.021747678432007006
NDARINVKGRR3WRJ,0.0394359678043469
NDARINVKHC499NA,0.0495376841590445
NDARINVKHL7D46V,0.060521090054764116
NDARINVKHVXZ64U,0.0345919817286506
NDARINVKHXDKCB7,0.04642436736656123
NDARINVKJ4AD62E,0.03950874499436622
NDARINVKJ6VDNZC,0.0807862024608573
NDARINVKJKYNK5V,0.029979043653771274
NDARINVKJM8KNT3,0.041719389588374775
NDARINVKJRY7YJF,0.03282400825949231
NDARINVKKY0ZZXD,0.04994943759368876
NDARINVKLBUDEGD,0.0393193974717264
NDARINVKLGV3F8T,0.04122541671977595
NDARINVKLLP08KA,0.03703973712482491
NDARINVKLMJ728E,0.030525631336055774
NDARINVKM1TZDEV,0.036301767233746916
NDARINVKMB705H9,0.035700072427716806
NDARINVKNU295WW,0.040919567984968035
NDARINVKP83AWJ8,0.04583011831725556
NDARINVKP8W0VHU,0.04925032655397483
NDARINVKPF4GFHV,0.04346541729332373
NDARINVKPNEX4HY,0.03152369874884224
NDARINVKR1PVY4C,0.030096114623099385
NDARINVKR3R305M,0.035822452514846385
NDARINVKTEZYKCL,0.028038533909008564
NDARINVKTJZFMAM,0.032759011093539285
NDARINVKTZCHRX8,0.027631209142619947
NDARINVKTZJTF9T,0.04867230110617538
NDARINVKV552N4Y,0.05301841540060063
NDARINVKWBVX0UU,0.042868037217807915
NDARINVKWEP6GVC,0.043628147821209065
NDARINVKX4KKBJR,0.04517796514390721
NDARINVKXCGMZ1Z,0.03207385134213597
NDARINVKXFTPJH6,0.03432530305082066
NDARINVKXT5LX5A,0.042269781127293765
NDARINVKY6C0Z8R,0.027029938120458903
NDARINVKZBPXM31,0.042118744376184444
NDARINVKZDAJBD7,0.033211283484395046
NDARINVKZX46H34,0.0463537549640667
NDARINVL00DXXD5,0.04438549093893012
NDARINVL124KUNM,0.03905992288900035
NDARINVL1CKXJTK,0.026987328934798143
NDARINVL1FAK49Y,0.05065273448688757
NDARINVL1GF9KZ8,0.05881056168457104
NDARINVL2RJ9HXF,0.04900262398648325
NDARINVL38MLBTJ,0.044137330351324694
NDARINVL3CPPELA,0.01800237416281427
NDARINVL3J71BFM,0.03455571622151014
NDARINVL3UTWJGX,0.047376734922208785
NDARINVL4H1ABKA,0.028283970011295328
NDARINVL4V0U23M,0.03887159729671534
NDARINVL4W6Z6C0,0.04692449809599058
NDARINVL5EAF5N9,0.05161149028119478
NDARINVL64HB2ET,0.034744763943079716
NDARINVL7GB4EN0,0.035116279586053144
NDARINVL7HUA7J7,0.050757815293608496
NDARINVL7KKBD44,0.04256240778887863
NDARINVL7XW6RBY,0.061206605187908665
NDARINVL8A7B9W8,0.041185511014499555
NDARINVL8MTLH03,0.04559158945953014
NDARINVL8VU0XRA,0.05744084744417805
NDARINVL922H0ZT,0.02756215632017547
NDARINVLANPY4XM,0.03907451178341087
NDARINVLBJ8E0XH,0.043799474298850456
NDARINVLBWL1VE1,0.044806415046282064
NDARINVLBZW40WR,0.049990658844963565
NDARINVLC0NRLKT,0.04211814548603132
NDARINVLC6CLU57,0.051304136227707714
NDARINVLCBWCWVF,0.03326099984427027
NDARINVLCX3T8HU,0.037486886137604196
NDARINVLE7RYTAY,0.03946570433268721
NDARINVLEF14KHY,0.037260778120268685
NDARINVLEH6BPD5,0.03632192090422247
NDARINVLFDWXZH4,0.04256186417851816
NDARINVLFE1CBD7,0.037418997561540115
NDARINVLFE6F5NR,0.04357077682018512
NDARINVLFGH7ZZA,0.05054441593750478
NDARINVLFTGDBYE,0.04213766778459601
NDARINVLFX8PTZ6,0.04579010312114275
NDARINVLG46HHB0,0.036132746682466785
NDARINVLGZ21X0T,0.04092419137462374
NDARINVLH3PCFW1,0.0383745715814331
NDARINVLH81TZYY,0.03170595136589734
NDARINVLH8BCL8E,0.045582966575325894
NDARINVLHW6YXV8,0.039893038914021135
NDARINVLHZWGFNU,0.044494581488218526
NDARINVLJ74B5M8,0.0468139957069523
NDARINVLJZ1B688,0.023688751894033504
NDARINVLK2RXTA3,0.036175021368735835
NDARINVLK2ZABWM,0.02661469092352337
NDARINVLKF7L58W,0.03742298345568508
NDARINVLL8XP3FZ,0.037491275311634924
NDARINVLM20BZVZ,0.030383234887493105
NDARINVLMAAJ8JJ,0.039377873322974044
NDARINVLMFVJWJJ,0.04435009181569656
NDARINVLMME1BK2,0.03820218698394333
NDARINVLMRC8HMX,0.04908811842233975
NDARINVLN7EJAJZ,0.024832829231610613
NDARINVLN9JCZ56,0.0501244581866923
NDARINVLNA2KYAP,0.032523778648711685
NDARINVLNN6NNXL,0.04950352742797612
NDARINVLNP634D0,0.04816889205729241
NDARINVLP57P64D,0.03694990019483994
NDARINVLP5E0X7A,0.04237621168113676
NDARINVLP7DY7CH,0.042853456726294564
NDARINVLP8Z7WGG,0.055596189098125755
NDARINVLR6TMLK4,0.02616535426177038
NDARINVLRHY4MJ7,0.04584192328832162
NDARINVLRKEWN7Z,0.03819306126598419
NDARINVLRNZXLDX,0.042476362376072385
NDARINVLTNAN0HU,0.03782966393857642
NDARINVLUG7X89E,0.05012139455029485
NDARINVLUJH4U9P,0.05121058296079483
NDARINVLW1RLJYP,0.040680624488586316
NDARINVLW36C0X2,0.034816239476492
NDARINVLWR6LC0N,0.035987197775048115
NDARINVLXC3WJW0,0.04511012029706063
NDARINVLXEAXZ7M,0.0409756505900509
NDARINVLXZ3RPWB,0.022990332180400513
NDARINVLZ0V0F16,0.041416745310784465
NDARINVLZF5ZK83,0.03213672909212909
NDARINVLZUEMGGJ,0.042247237781841016
NDARINVM007MAX7,0.041768458848657965
NDARINVM00MPW0G,0.031475715018673904
NDARINVM0706PEX,0.04331532761362202
NDARINVM0L87M5X,0.03564353682686107
NDARINVM0X5DYN0,0.03201052156808663
NDARINVM1Z5GMD8,0.03517340319360437
NDARINVM2M5XX56,0.021498337444397008
NDARINVM38PWW4W,0.03640574076571911
NDARINVM4MC3HPC,0.036791119058313476
NDARINVM4ZC6HW9,0.031650098173903456
NDARINVM5C3J0GA,0.02994317440876238
NDARINVM5M4VXYD,0.05669692087362458
NDARINVM62WXE7J,0.022776525522240434
NDARINVM6LGY18K,0.03961902579092298
NDARINVM7Z0URXU,0.05721942856306033
NDARINVM804XVZA,0.04365770524220318
NDARINVM91VXF6F,0.03227757522871167
NDARINVM96ND9WX,0.0407811932714182
NDARINVM9KC36N1,0.022178504438090482
NDARINVMAW066K7,0.05450012546313576
NDARINVMAZCGHX3,0.0403633571563061
NDARINVMC1L92VA,0.03292939552086246
NDARINVMD2PYDUH,0.047563142182008855
NDARINVMDWZP1FT,0.04381290747927788
NDARINVMEXEAWUY,0.02971200745689845
NDARINVMFHTK0W6,0.053344028684582954
NDARINVMG3RV4AC,0.029732599949525082
NDARINVMG8EAHTW,0.05131386797454284
NDARINVMGX9TZCB,0.04189674014241914
NDARINVMGYDVKBT,0.033154427545159855
NDARINVMH4PJ6L9,0.027695298960042573
NDARINVMHCA4296,0.047991198748958214
NDARINVMHDDJ00W,0.04143736065007562
NDARINVMHERP6WJ,0.033624631555533614
NDARINVMHJ04F4G,0.041591406917163266
NDARINVMHLVP2TG,0.03853291617219414
NDARINVMJ1ZYZDY,0.04027657605805288
NDARINVMJ61WEFZ,0.04514939297786849
NDARINVMJC3XJ60,0.04608982075526604
NDARINVMJMFXLDG,0.029280025882115722
NDARINVMK9LW258,0.03323419381541454
NDARINVMKBC4Z7D,0.023196029469692937
NDARINVMKPVUMW3,0.05338766111875586
NDARINVMMLVDCJH,0.028954880867576825
NDARINVMMN463FT,0.05837331050601539
NDARINVMN01YD5J,0.04725857942415028
NDARINVMP8R9ZFP,0.024183766513538443
NDARINVMPD4KFF5,0.026596388177421458
NDARINVMR60CAWU,0.031479770029812885
NDARINVMRLFGEHA,0.04218362664469385
NDARINVMT5RKZJE,0.044401110301370936
NDARINVMTELY8NJ,0.03642893206808613
NDARINVMTJLG5JL,0.038605000922787354
NDARINVMTYZ9AH4,0.036487106075536554
NDARINVMUN8FEUL,0.044244194110859815
NDARINVMUX0BWLZ,0.029690745536241382
NDARINVMV3VPRF1,0.019484996438532194
NDARINVMVB45W2X,0.03358619146597917
NDARINVMVEW4R8F,0.03426816465658229
NDARINVMVR4WAXV,0.047848426262071135
NDARINVMX882GU3,0.01983594633520198
NDARINVMY85AAAM,0.030088999146681627
NDARINVMYKKZ4YM,0.031110225632172056
NDARINVMYUC7TV1,0.03279647589474795
NDARINVMZYRHT83,0.03290969069133926
NDARINVN071F6DW,0.03830830473878581
NDARINVN08WN4MR,0.04452745338239546
NDARINVN0JV7RUL,0.04595534553988299
NDARINVN0LY056B,0.03336272060898154
NDARINVN0T52ZWL,0.04139506735309803
NDARINVN0YR7MHZ,0.04291362285165754
NDARINVN12PKFR0,0.03197623444146053
NDARINVN1V585NY,0.03593037265000938
NDARINVN1VPLV83,0.04181467286680005
NDARINVN2HBFMWK,0.03214929785683593
NDARINVN2RB0FR4,0.05039476773320085
NDARINVN394NEWK,0.035833246956831204
NDARINVN3M2X26L,0.026807856000643168
NDARINVN3UAB7C8,0.04025854101265095
NDARINVN4DBED7D,0.04284199507117343
NDARINVN4H2VUF6,0.03280820775032691
NDARINVN4L0J1AL,0.03905414492911111
NDARINVN5HX249Z,0.026611851916778943
NDARINVN6N0V2FU,0.028268255008694218
NDARINVN6UYBJ3E,0.03287244484646605
NDARINVN72UK9CX,0.02565818043241509
NDARINVN88C09ZT,0.04925226045855396
NDARINVN8KGV116,0.02801272096484427
NDARINVN8V2AN3W,0.03458918452825763
NDARINVN8V7KR39,0.048139964524337255
NDARINVN8VXKZGH,0.03331899473057731
NDARINVN8WMY397,0.036824559687768064
NDARINVN98L0THW,0.03887370929093013
NDARINVN9X5J0M6,0.03843938759469089
NDARINVNA0JBJZ6,0.03686785249123264
NDARINVNAFXDF3U,0.030409619448828133
NDARINVNBMXW84N,0.024970936105911404
NDARINVNBNVKVCC,0.03986455701684812
NDARINVNCEE4GWH,0.04252949138728054
NDARINVNCUV83U4,0.05860058319642232
NDARINVNDEK4K38,0.06162177492593189
NDARINVNDF1FD44,0.041907318292179536
NDARINVNDLB4UTU,0.029568543157433944
NDARINVNDTALD7T,0.04832341026792455
NDARINVNDULXB1V,0.035768663189708096
NDARINVNDYK09VH,0.05086829713108947
NDARINVNEZBVR4A,0.0456201177640641
NDARINVNGL4MJW6,0.04443132894358656
NDARINVNGT8NC5C,0.04432329806479695
NDARINVNHVAX6N2,0.03440839952266925
NDARINVNHW1MYD8,0.04115420236012221
NDARINVNJA6E3NT,0.04353807145207301
NDARINVNJGJ5FRB,0.045227351511833686
NDARINVNJRMP62L,0.04087093523422179
NDARINVNM81RNFR,0.04358320067762548
NDARINVNM82BUZL,0.0403202812516915
NDARINVNNA7JH41,0.044258051546203846
NDARINVNNNG8Z3V,0.026271536719813665
NDARINVNNPFHUUY,0.04919177763806133
NDARINVNP0MNAB4,0.025329377797012404
NDARINVNP4AJ4XW,0.08068100093359652
NDARINVNPNAGWRF,0.031101778359153367
NDARINVNR3D78P1,0.03377622378987023
NDARINVNRZ3PD4C,0.026339546906088057
NDARINVNT6BJVLB,0.04810835837977247
NDARINVNTD0Y2TZ,0.02684109549740539
NDARINVNTJ9TYDB,0.0297439916303498
NDARINVNTJF26D6,0.04148805837210991
NDARINVNTUN0CBE,0.04288477270564739
NDARINVNU2URG3T,0.039042301432926446
NDARINVNU44R23M,0.04193972209016093
NDARINVNVJLJ735,0.02746005801970164
NDARINVNVVMEGAA,0.03660940017284942
NDARINVNVZ6Y707,0.027960438458472795
NDARINVNW8EEBWY,0.04920155304505174
NDARINVNWMRHTJT,0.04178945851144297
NDARINVNWRWBM61,0.031487079527958296
NDARINVNWUL0U0R,0.05860134575856539
NDARINVNWXUBEN8,0.02945128054730695
NDARINVNY5R8N51,0.024174420224043855
NDARINVP0R0G7PW,0.051657523007331195
NDARINVP1BMWBHG,0.03369878460798763
NDARINVP1VHW53K,0.037669957514952626
NDARINVP205AX39,0.03855287579437264
NDARINVP32NXTL2,0.042194112570106086
NDARINVP39PLYCN,0.03548511598872342
NDARINVP3HZXZ6B,0.03960495333753717
NDARINVP3LDF3U5,0.03517910554523791
NDARINVP3NFD934,0.032569835060878086
NDARINVP3UGFYAT,0.03344493376213279
NDARINVP4RP5HAP,0.03393477486602061
NDARINVP4X701TR,0.05242129255223685
NDARINVP5A0M52P,0.031167710815088328
NDARINVP5PE9ZJW,0.03159320053304147
NDARINVP65TV30G,0.04188333861519812
NDARINVP68163M4,0.04315906142698267
NDARINVP6NAG8DY,0.029708240413482093
NDARINVP6U14LUE,0.03609952620138707
NDARINVP74XG4NJ,0.05151646878245361
NDARINVP93WF83K,0.03694507034244378
NDARINVP9V9W7UN,0.04952504928858472
NDARINVP9Y862GP,0.031477066990196
NDARINVPATP4RPG,0.03838017750931381
NDARINVPBDB6PBR,0.049398730902189596
NDARINVPBFD58BU,0.043403844093901155
NDARINVPBYWZ1LX,0.030332184948272695
NDARINVPC8D0LNF,0.029955546074010426
NDARINVPC925RZE,0.03171360802800419
NDARINVPCBB86LH,0.04594892507431053
NDARINVPCCWYX33,0.04060774985163726
NDARINVPCJWLN13,0.03506489672769579
NDARINVPDUBZC3E,0.035767021958380295
NDARINVPDUZETD1,0.04452600563309672
NDARINVPDW73ZHF,0.04263957005391608
NDARINVPE6W1Y3P,0.02066913944908672
NDARINVPEFTDJ7B,0.04298121646344879
NDARINVPETWZ0JC,0.06005827081140984
NDARINVPF0N5FWX,0.050187173279672787
NDARINVPFLP04U0,0.047332800629656446
NDARINVPH3LCEGR,0.03779007926483771
NDARINVPH4BZ3KW,0.04197151955588101
NDARINVPHL3D8GY,0.05543028309989444
NDARINVPHMZV0N7,0.04240890000509628
NDARINVPJ80XL8H,0.05334365784425693
NDARINVPJAYKP36,0.03863224666706414
NDARINVPK2EFH70,0.059654582408265655
NDARINVPKD1XX0E,0.03391509487211747
NDARINVPLA9JVTC,0.03300271521069773
NDARINVPMHGZU3M,0.04369992508341398
NDARINVPNMUGJ4F,0.0636285404854716
NDARINVPPAM9GLW,0.041812025823367995
NDARINVPR3T5MAK,0.03829957140134759
NDARINVPRLTKVRN,0.04148720723404019
NDARINVPTKFKAVR,0.030026233901959444
NDARINVPTM61L43,0.030350270585530345
NDARINVPTV6A941,0.039975091247216134
NDARINVPUKB7WJ3,0.031684534616124915
NDARINVPUTKYX3K,0.0403096673910973
NDARINVPUVCADU0,0.03322852544571404
NDARINVPUYA9796,0.04039539169321266
NDARINVPUZVE4U5,0.030378844195886445
NDARINVPV1DMUHD,0.052644413528149483
NDARINVPV2C6C1M,0.03144819058072487
NDARINVPV6F4UYA,0.04581621844979897
NDARINVPW35MYY5,0.03282449917481315
NDARINVPWDTCU07,0.029009158524187884
NDARINVPWLU6JZY,0.13930808554674343
NDARINVPWY97N4C,0.0395970394656129
NDARINVPXA96T93,0.06618175514874107
NDARINVPXF7PDPX,0.05352148990431291
NDARINVPY65JUM8,0.03171401040472286
NDARINVPZ8CWCJC,0.03994351052728728
NDARINVPZUFXXY1,0.0301430598320791
NDARINVR05T1WUG,0.046201196987557445
NDARINVR09UG23J,0.0664584102059939
NDARINVR0AR52BF,0.043237991257891094
NDARINVR1JFZ70M,0.041016674228028016
NDARINVR24ACBFH,0.051340078082813975
NDARINVR2R52JP7,0.04425433580750674
NDARINVR2T9NUK9,0.03063697001073854
NDARINVR3ABLBEY,0.02460773904150226
NDARINVR3GH8J7X,0.042965871468999675
NDARINVR3JXE4GH,0.03321777647732003
NDARINVR3ZE9RGY,0.037548282325053146
NDARINVR4PV7WZ3,0.03619333115028381
NDARINVR547JUTN,0.027285154784754687
NDARINVR5EL81TR,0.03361724543269618
NDARINVR5FD0UXH,0.03956739011821416
NDARINVR5TTP09Z,0.038465107630678286
NDARINVR5VKKRM9,0.036042058846223385
NDARINVR6CE8KZ5,0.043556313765817894
NDARINVR6FAP3A7,0.033943566638186796
NDARINVR7G6JDFU,0.0432215296259399
NDARINVR7GMKJ6J,0.03418974304135575
NDARINVR85P7XPP,0.05112050732885074
NDARINVR8EDKZ2W,0.03844495598411629
NDARINVR9ACLAJX,0.02563930519255813
NDARINVR9JZP8TC,0.030078731030889986
NDARINVRAR30NKY,0.033318206938692085
NDARINVRBUNMARM,0.03195131615685689
NDARINVRBVRP43D,0.028458449694509422
NDARINVRC3GEEEJ,0.03320459125895688
NDARINVRCE62M22,0.03291032844451188
NDARINVRCFHLNK7,0.034791332980558386
NDARINVRCHTJK34,0.03727563741717475
NDARINVRDM1L34M,0.03604261293926742
NDARINVRDW5PE65,0.03797155511285335
NDARINVRE21D0R9,0.03501317233472689
NDARINVRE48TR17,0.051092725441686276
NDARINVREBMYTBX,0.04573983087770237
NDARINVREFXMF6L,0.04170058913968075
NDARINVREGPJEJ9,0.026990470169516417
NDARINVRERRA7FD,0.040355008200232884
NDARINVRFJLGX8M,0.07797542218178202
NDARINVRFT4NJA8,0.04985067024523801
NDARINVRG22U5T9,0.03188966906744387
NDARINVRGVY0VAU,0.03173817039301218
NDARINVRJ65NCMR,0.04527419238903775
NDARINVRJ67E8PE,0.04532448777924477
NDARINVRJA23JNL,0.04822290451141601
NDARINVRJAREKD1,0.040888439845781166
NDARINVRKD9X23X,0.04698948941347649
NDARINVRKNCRLDD,0.04115251614702343
NDARINVRKVU6VEC,0.04455883658802315
NDARINVRL863G1R,0.02893253737004028
NDARINVRLP5AH5E,0.047477364439472834
NDARINVRLV2KEJP,0.03190693057355854
NDARINVRMNMGK77,0.03510173818364945
NDARINVRN6LY8RU,0.03442799892154086
NDARINVRN9A0LAB,0.030843138467459133
NDARINVRR1EN55X,0.028007792385669826
NDARINVRR22WRZJ,0.05801479787228885
NDARINVRR6R4P7W,0.04107944361238986
NDARINVRRE6MVYZ,0.027639260063825992
NDARINVRRTJUY6G,0.03221148037321137
NDARINVRTD32ZG1,0.031215583687085137
NDARINVRTDH8349,0.05127062694031842
NDARINVRTHVMF0B,0.03857780745243273
NDARINVRUKL1DUN,0.03289942391688698
NDARINVRUVFBX1L,0.05067964257462448
NDARINVRUXHN0RY,0.039164370973509506
NDARINVRV0X5P44,0.05629239616845602
NDARINVRVCMVEY9,0.0310320719861558
NDARINVRVDEH2YJ,0.044988952023772795
NDARINVRVM5WTB0,0.04593439896306601
NDARINVRW0TUKW4,0.03869240259410293
NDARINVRW4NW1FC,0.037825700956635074
NDARINVRWDF8L2R,0.03577417196916507
NDARINVRX41226B,0.04758606305991902
NDARINVRXDY2EL7,0.03837783038330185
NDARINVRZAM8ZX0,0.03610327922256419
NDARINVT06LDPZU,0.06094281479853858
NDARINVT07JTPKT,0.05038390678088152
NDARINVT0R82YDJ,0.02392904071974643
NDARINVT185E8M5,0.021902197488089924
NDARINVT1GJUT9Z,0.02716227006550336
NDARINVT1JDV64B,0.03524634735545851
NDARINVT1XD5N8A,0.044484711832230774
NDARINVT2D0E2LE,0.04258152610486858
NDARINVT2JJ42KE,0.04796105611628104
NDARINVT2UGPB52,0.04439649298032588
NDARINVT2V8UJ3M,0.05121297002900231
NDARINVT3366FHE,0.03197931441373944
NDARINVT59RKTM4,0.057464094579589176
NDARINVT5EXYEGX,0.020669829674489645
NDARINVT5G6HNMZ,0.03800730318142557
NDARINVT5VEMC05,0.0453765968219852
NDARINVT6E1MJ14,0.0384389273378106
NDARINVT6XZEJHF,0.037968358925460056
NDARINVT7HVBTRE,0.0570999325335238
NDARINVT7Y0PYDA,0.029406990328034996
NDARINVT8KRKTVN,0.043835542979226205
NDARINVT8U0418X,0.036619083053410696
NDARINVT9RH5R7B,0.05628106994231485
NDARINVT9UU6CM8,0.030039625793187492
NDARINVTA50AT7K,0.017717507424890006
NDARINVTATNKDNJ,0.048199501742269016
NDARINVTB68WR1L,0.05421222590986299
NDARINVTBYHT2GE,0.05554715422273909
NDARINVTCRZTUB8,0.051733885366084316
NDARINVTDCYY0EZ,0.03303332251021412
NDARINVTDJD7JZ2,0.05593202352144164
NDARINVTDK7YAGN,0.05370155846910362
NDARINVTDXHD95M,0.032365019636145125
NDARINVTDY8YE3L,0.02179077435773407
NDARINVTEGHFYFP,0.04275361086460279
NDARINVTEV935XF,0.035900052809150235
NDARINVTFBZR8TN,0.049215580508912574
NDARINVTFJ2LGCD,0.04552964729645275
NDARINVTGZMNV19,0.04512721440825535
NDARINVTHEX3U3X,0.04388570953513811
NDARINVTHHL55VX,0.043186065275651095
NDARINVTHW9XF3F,0.04913130494123726
NDARINVTK4DJ93H,0.03211532811221931
NDARINVTK6XY92L,0.02807929588854171
NDARINVTKENUL3C,0.02417702674819797
NDARINVTKKV0L4H,0.04371209459629016
NDARINVTM382X5A,0.025684416951764138
NDARINVTMFT5TJF,0.039073564234016825
NDARINVTMVWP642,0.054279144674049
NDARINVTNKV2H46,0.024295772967856444
NDARINVTNLV6R3B,0.033529899177085404
NDARINVTNV6ZUPK,0.0342580699946489
NDARINVTPXZDTAT,0.03584382178876007
NDARINVTRGFZFT8,0.03988597997423119
NDARINVTT0YJG33,0.034825900919228256
NDARINVTT9JRJDR,0.0449720645182004
NDARINVTTV73ARA,0.03044572362108895
NDARINVTU1DE4PM,0.030947030649280484
NDARINVTU4MAPYT,0.043589826522370784
NDARINVTVGCT5T2,0.05273021514695993
NDARINVTVGMJRN9,0.030890257693322674
NDARINVTW04JJ3D,0.03430662819805942
NDARINVTXB709BK,0.035475837830946315
NDARINVTXGL96R1,0.04231928369545268
NDARINVTYMED11H,0.041297564923254
NDARINVTZ0RTCNR,0.0415900212444281
NDARINVU02LWF4A,0.037536575218758764
NDARINVU05PVKML,0.02778453264597091
NDARINVU100FWU2,0.04718680725736113
NDARINVU11NYL5H,0.043988796881947415
NDARINVU11WDWJ8,0.027282919992718063
NDARINVU2TMK1UK,0.029848382243115968
NDARINVU2UT8NAW,0.05437638863817639
NDARINVU38RU1KR,0.025477099038826466
NDARINVU390V94C,0.04665520893407113
NDARINVU3CF21GV,0.03211904235966979
NDARINVU4YFGDAX,0.05274564980240931
NDARINVU5990AMT,0.02103273571063841
NDARINVU5DCN232,0.04886505324477355
NDARINVU5DHD2B7,0.03705085327051082
NDARINVU5J9959A,0.046769302701636026
NDARINVU5L6Y14L,0.03184521865454024
NDARINVU5Z0C61N,0.04952374254088741
NDARINVU6BEGBDR,0.053098684337115384
NDARINVU830CVT7,0.03986665951334383
NDARINVU8D4R4YF,0.04072506530581199
NDARINVU8U5U022,0.05257209037445857
NDARINVU94TLCCE,0.033296513100840405
NDARINVU9ATRA9G,0.026831798876460144
NDARINVU9C9ZMKM,0.04125973277511112
NDARINVU9VKB2N8,0.04211189365736109
NDARINVUA34TJP4,0.043585329006530525
NDARINVUAERPXD7,0.0319510080733416
NDARINVUAHG246H,0.04098620083535833
NDARINVUB4XK4NV,0.053596247613671745
NDARINVUBCDJ64P,0.028142542913125464
NDARINVUBLZ93XE,0.034189678935509754
NDARINVUBV5LDKV,0.026781100783618235
NDARINVUBVPEW11,0.0537016482178205
NDARINVUC80Z0WM,0.042783133609530205
NDARINVUD7Z98E5,0.03329806483755809
NDARINVUDMDZKBV,0.028772251392597727
NDARINVUDXAL2AW,0.04703703232023892
NDARINVUE7CU1V9,0.02063729648353972
NDARINVUEVZC0HH,0.03886560001447222
NDARINVUEXW27D7,0.06120394365020291
NDARINVUEZLMURY,0.0309941671742484
NDARINVUF00N1FK,0.03619134850375262
NDARINVUF432B35,0.036404257193620566
NDARINVUF504K04,0.03998943386893244
NDARINVUFCN0984,0.028689775185265963
NDARINVUFJX48LE,0.018106804521687416
NDARINVUG6DTWVU,0.038324610422801234
NDARINVUHN1WLRZ,0.036169725367524684
NDARINVUHT34WP1,0.05516026957805798
NDARINVUJ1389BN,0.039078797411166336
NDARINVUJ6PGMCW,0.02745766691663734
NDARINVUJGNWNMJ,0.04913942539792633
NDARINVUJTA9MD9,0.035934725270988704
NDARINVUJWZJLT4,0.04843453655065057
NDARINVUK2F9WW4,0.04480496194043997
NDARINVUKEHKCA6,0.03358006320255333
NDARINVUKPZU1JW,0.0230175425190631
NDARINVUKT3Y1U0,0.033019707970914275
NDARINVUKZ2E83X,0.04413201268076915
NDARINVUM8RJJDZ,0.05278955003456336
NDARINVUM9EFLC3,0.024548608128608453
NDARINVUN2A7AA5,0.032773419517736546
NDARINVUN80YW88,0.03646310588266516
NDARINVUNZ46TB8,0.05502846907934708
NDARINVUNZGDT4H,0.06663614731791881
NDARINVUP3WUX7T,0.036986743706551486
NDARINVURFDN3WC,0.05477883368266308
NDARINVURG8199G,0.02777640920961532
NDARINVURPDWTVH,0.03904143994159171
NDARINVURV9HRCM,0.028750630143933253
NDARINVURYDCKP1,0.057251425165790064
NDARINVURZU1N9V,0.041823539673819576
NDARINVUTCZ1TL4,0.0431272557233237
NDARINVUTVE98D5,0.03459399580767882
NDARINVUU44L176,0.02730199566603779
NDARINVUU88CLEU,0.027672142797084427
NDARINVUVHFPBMC,0.046816558962968595
NDARINVUW2RRYUA,0.02919227510442093
NDARINVUWNVH2C7,0.03550233417131575
NDARINVUX8RG3BK,0.045582074778906446
NDARINVUXEGHGTU,0.04004258389468153
NDARINVUXPMJYG0,0.04727077033970386
NDARINVUXWUN73X,0.03952131879305011
NDARINVUY429PA4,0.03227884719854657
NDARINVUYAENUJR,0.035254177805347585
NDARINVUYF7JD2E,0.04961943150741045
NDARINVUYK6RKMH,0.020388390122706053
NDARINVV00NCT0L,0.041909348917333625
NDARINVV0E701P6,0.04122409300471949
NDARINVV154C1XB,0.046131679863607854
NDARINVV18LRYXU,0.03379506890566379
NDARINVV1APEWPM,0.037737508259185704
NDARINVV1BV9PWF,0.04401506572121167
NDARINVV1F9DNZH,0.030485562182008753
NDARINVV1XY0F8C,0.037521402664289404
NDARINVV1Y99ECP,0.04309110215663828
NDARINVV1Z15TXB,0.0382232931861985
NDARINVV2HGDTGK,0.05016327415022425
NDARINVV2Y2RFVK,0.027655153121666002
NDARINVV381L7JK,0.037945764148158916
NDARINVV394F6F7,0.046195018678153815
NDARINVV3Z0YVUT,0.04221994010716844
NDARINVV4GUZKKA,0.05213328401209892
NDARINVV4XY140Z,0.03958581423294844
NDARINVV4Y9RJA1,0.033456128639371654
NDARINVV4ZYD9PL,0.03275906488400271
NDARINVV50A837R,0.028617257030202438
NDARINVV5TKBR0Y,0.05388198774574585
NDARINVV5X50ZMM,0.03319196502509685
NDARINVV6CX3VRR,0.04957169250879207
NDARINVV6KFJX12,0.043550032706310575
NDARINVV6KTVCZH,0.047395970166069626
NDARINVV6MZ4VB1,0.04200799088962571
NDARINVV72RAPTJ,0.04124956180097736
NDARINVV7D70A79,0.03475332101518532
NDARINVV7J7HV7U,0.046574815388909584
NDARINVV7KNVTFG,0.04523407691632066
NDARINVV7LAD2MF,0.021369837241031687
NDARINVV7PYJ52J,0.04320913446265949
NDARINVV7RTRM32,0.04565961565769609
NDARINVV81U1DVC,0.03676169690813008
NDARINVV9BM1RB5,0.034647413090506333
NDARINVV9D0WWZM,0.051401527805744085
NDARINVV9Z7KCBE,0.03690063213830682
NDARINVVA82JDEJ,0.03379941926785646
NDARINVVAGD75XZ,0.040577825028199135
NDARINVVAMKAM75,0.026450745880485273
NDARINVVB6CJP4C,0.033765031229145766
NDARINVVBH246B9,0.03772372403547148
NDARINVVBNV0506,0.05001282617615763
NDARINVVCEAYC27,0.048797815261211824
NDARINVVCXM5YTD,0.03983474563314189
NDARINVVEMKCEWD,0.04645881771365519
NDARINVVEMXZMTT,0.0546606210546889
NDARINVVF3B658H,0.049005312148782045
NDARINVVF47E1YM,0.033790782311896216
NDARINVVF4AJE7R,0.021549410756117365
NDARINVVFM4VWWG,0.04565104593483879
NDARINVVG1MF8K5,0.03633911202863368
NDARINVVGLF61WZ,0.036973005950077964
NDARINVVGMX0BPT,0.0367712631552903
NDARINVVGNCVUXB,0.0468298330692629
NDARINVVH9C9R1J,0.03993590412289734
NDARINVVHUHUPY6,0.03873262441616333
NDARINVVJ521M24,0.04143204628123493
NDARINVVJG59G6B,0.046365554646270665
NDARINVVJLM7PBM,0.037523061477196445
NDARINVVKF7FYHA,0.04865718641955659
NDARINVVKPJ803Y,0.03468097413057354
NDARINVVLHZP6FR,0.036185967522047564
NDARINVVLXUETVJ,0.04289847868618139
NDARINVVM3WVMV7,0.043464160624340754
NDARINVVMT7W436,0.03315721867029007
NDARINVVNAD3K0E,0.04345803925430704
NDARINVVNF9LTLB,0.02879979577740654
NDARINVVNRTKY5K,0.039719119707640416
NDARINVVP326VDY,0.04914270673721399
NDARINVVPFWLP9R,0.040987263366607254
NDARINVVR0KF4XT,0.04804292958157131
NDARINVVR5BRZPY,0.03681957257491282
NDARINVVRZT93M0,0.04181283606919769
NDARINVVULYL2L9,0.05165106808554951
NDARINVVUMNAHPB,0.042830575697070675
NDARINVVV34F5T4,0.07129294062387259
NDARINVVV50F0CH,0.04269940338783904
NDARINVVVD39H82,0.029794290972003912
NDARINVVX605DH1,0.04725516046160477
NDARINVVXA7EUDY,0.01764000448847581
NDARINVVXH1GGXB,0.07366894369443254
NDARINVVXPUM3HJ,0.04446842113886706
NDARINVVXRX1E7M,0.04095631998848672
NDARINVVYY8ZHN5,0.051926203474091215
NDARINVVZ37D2G7,0.037261848694590656
NDARINVVZGWFC56,0.05516162589608362
NDARINVVZJC6YFE,0.03782794525118943
NDARINVVZM2PPGN,0.03469629495456884
NDARINVVZYWE87C,0.03677927410735544
NDARINVW01DNXTA,0.04194484145940228
NDARINVW01VXPJ7,0.035935160935384756
NDARINVW04H37XX,0.03183072906210128
NDARINVW0F348LV,0.04903391698955672
NDARINVW0VV53Y4,0.06764989682587935
NDARINVW2JAJB5C,0.04033960756189183
NDARINVW2L5FYC0,0.0563212606182572
NDARINVW2RV7L97,0.026749544373279102
NDARINVW32KZLJ4,0.027198878273231433
NDARINVW3GNFYF3,0.03680703657282586
NDARINVW3N4MZ02,0.04674521107716983
NDARINVW3WR22PX,0.046301871762992775
NDARINVW4JM1V5R,0.05475439017600799
NDARINVW51P7H05,0.053160214399556885
NDARINVW5JAWZYH,0.04001594782170699
NDARINVW6ACEC66,0.029189928714123767
NDARINVW6NBATCW,0.03949709468856629
NDARINVW7REUYL1,0.02896666163959471
NDARINVW85HKBUY,0.031863774138317216
NDARINVW91652ZY,0.028955438126514986
NDARINVWA8516BB,0.059093849716817276
NDARINVWAN79D4A,0.03953277757410872
NDARINVWAVA878R,0.04167990579344454
NDARINVWBE2PE0T,0.04601650928839618
NDARINVWCHNDWMU,0.038138697833149396
NDARINVWDCENDZ9,0.04093909086882935
NDARINVWDLCWZL7,0.04866993400624995
NDARINVWE1Z3L3H,0.03582931747642068
NDARINVWENNTD21,0.04354028807960796
NDARINVWF7C1DEL,0.02996416882560433
NDARINVWF9BVBHA,0.04643116279400525
NDARINVWFP0E099,0.048966433544456074
NDARINVWFTWLBY6,0.03312495494206245
NDARINVWGWA2P38,0.061151728909959964
NDARINVWGZNJCT7,0.03804590314941085
NDARINVWHXTCM8L,0.04545019387230652
NDARINVWHZ3DTNP,0.04032849348320914
NDARINVWJ6WE11U,0.0272325434791414
NDARINVWJDKPLBG,0.06262888783108789
NDARINVWJVXY5RV,0.038462897408912414
NDARINVWK3JMGX5,0.04386746080411344
NDARINVWKC5ATFL,0.036978343473871265
NDARINVWKGFMVUC,0.05267725181706447
NDARINVWMKGJZXX,0.038603419736770214
NDARINVWMM5T2PL,0.021685929017395838
NDARINVWNBZJPCU,0.039624938905552215
NDARINVWPTBB9N7,0.035121368589543865
NDARINVWPZDHV93,0.046397917705223585
NDARINVWR1VYFBV,0.03939129705157938
NDARINVWT771AK6,0.03836568541953294
NDARINVWTZBXDFP,0.05595904727040536
NDARINVWU3CFG57,0.019360778263978817
NDARINVWU8LHADL,0.02995504211739748
NDARINVWV58ZP6H,0.03181938173306351
NDARINVWVA9UY95,0.04008521523257772
NDARINVWVWWBTF1,0.036791902506637705
NDARINVWW5E3PXX,0.033865172856003906
NDARINVWWWV2AKG,0.031794098117903194
NDARINVWX3C6A3L,0.03370581659262675
NDARINVWXLHTR31,0.03254913669651488
NDARINVWZ5MKFYM,0.03199661977398052
NDARINVWZJ7FKG5,0.04277462687426741
NDARINVX0KUKVL4,0.04991441055322468
NDARINVX0YRUY7C,0.04320225990775487
NDARINVX1697BGE,0.03203204959866663
NDARINVX1VBLPUJ,0.02468109940353539
NDARINVX20XV71D,0.043672449493526874
NDARINVX2T12EWL,0.028781432873682105
NDARINVX2TWFHMP,0.05500821679898269
NDARINVX362LD83,0.046887388174524716
NDARINVX4GVLBGY,0.058039705636481004
NDARINVX4GZFHDA,0.03152372398827245
NDARINVX5JNFW1C,0.02806524385227533
NDARINVX5JWUPX9,0.03684019354191747
NDARINVX5TLCB96,0.03039629060208812
NDARINVX67A1GFL,0.06001034447463162
NDARINVX6MC634B,0.052510004855275634
NDARINVX747V39Y,0.047482401261707226
NDARINVX79EETRL,0.03179879532817968
NDARINVX7FCU43E,0.03878976964146181
NDARINVX7P9ENPW,0.03401611523828425
NDARINVX7VT1MFY,0.040973708663785545
NDARINVX8D3JRAH,0.04476846041767604
NDARINVX8HAGH4H,0.04355796321931279
NDARINVX8T8BNJK,0.04573789535675568
NDARINVX9523L2A,0.03985502551721537
NDARINVX99CUTNE,0.04050398893513196
NDARINVX9YK296T,0.034859276528495804
NDARINVXARP4RCG,0.031426470443775965
NDARINVXARVLWJ2,0.03872774971161507
NDARINVXAUM8TGK,0.038351856539902564
NDARINVXBGKV295,0.023945486100264965
NDARINVXBV7T3K4,0.04165769802397845
NDARINVXBX1H8JJ,0.0501697415430434
NDARINVXC2KNGXL,0.03358482964810521
NDARINVXC2KX82P,0.03126738383636739
NDARINVXCY3781A,0.03675104512290186
NDARINVXDHB28GU,0.03940001220173315
NDARINVXDX3UAWF,0.022382855804641433
NDARINVXEG4M9UL,0.038113938559038225
NDARINVXF2K4GPX,0.037038819841076744
NDARINVXF3EU2H1,0.040073800663650114
NDARINVXFHP0JZK,0.04884285087082873
NDARINVXFURZ24F,0.04287688431303187
NDARINVXFVACT0F,0.047405172949405446
NDARINVXG13EX2M,0.04595983650429964
NDARINVXGZGF8TM,0.034687056419614795
NDARINVXHEEJUKX,0.03640410775302261
NDARINVXHG35TUW,0.031145306441753492
NDARINVXHJBRK7N,0.04066845925987988
NDARINVXHKRJC1C,0.04408687984081637
NDARINVXHU70DR0,0.04655024319248185
NDARINVXJ2454AG,0.05120583713886641
NDARINVXJGP5M4G,0.0322497581419064
NDARINVXJJJJXGF,0.03616230530308329
NDARINVXJNXM9XV,0.04011315741887988
NDARINVXK4L71C3,0.05476935324380015
NDARINVXKKY9HK5,0.033659700519221514
NDARINVXL4DGB3P,0.04398278906768878
NDARINVXL9FYYPC,0.049342905587706626
NDARINVXLF39KRG,0.046366490620191644
NDARINVXLFHB010,0.0448136882739344
NDARINVXLJLTPFF,0.054569209660864974
NDARINVXM0N4RE4,0.03717667351031902
NDARINVXMDFPX4L,0.03948118468646781
NDARINVXMFG5XLJ,0.03237841534574883
NDARINVXMWVP3Y9,0.033965662271729764
NDARINVXNEVU6X0,0.01765287411801906
NDARINVXNYJPEGX,0.04006857028976614
NDARINVXR9J4J3Y,0.0251644278127896
NDARINVXRBWGD7W,0.02957628730595472
NDARINVXRCY6PFC,0.051022077381902675
NDARINVXRF1JDV6,0.030116958960274578
NDARINVXRGAZCNX,0.028211213662290617
NDARINVXRNZ5M92,0.03514086953497226
NDARINVXT2DPHB8,0.03662608963463585
NDARINVXTRH94BW,0.03912467871045215
NDARINVXTTCDPV5,0.03803669758273144
NDARINVXUFCDBP0,0.028113193932826495
NDARINVXUKUXGAW,0.035909985789513606
NDARINVXUT1RZUJ,0.033763902391977324
NDARINVXV9T20V8,0.047860044962037225
NDARINVXW6WYXN6,0.0475333057471002
NDARINVXWFVHF57,0.0354003760437154
NDARINVXWYAZ3JP,0.04310168832923474
NDARINVXXKJDH17,0.05036570447042338
NDARINVXXT5GG73,0.03926415402595613
NDARINVXXYY59XX,0.01826745289309794
NDARINVXY905VNM,0.05298280281822419
NDARINVXYBXW9GB,0.043034488454242
NDARINVXYGJN5H6,0.04193153739103651
NDARINVXZ44NE7H,0.04327763734947375
NDARINVXZ627WWU,0.05243368080131407
NDARINVXZMMB5YW,0.035727925456667795
NDARINVY09XGV2D,0.04016586044518579
NDARINVY19AMXWK,0.03402606489453449
NDARINVY1HUK71Z,0.0338996666998868
NDARINVY2DXN8WF,0.03731009710378284
NDARINVY2J2A5T4,0.03138910771353252
NDARINVY31GAJRD,0.04074146709328631
NDARINVY38WEZBE,0.05226273995281135
NDARINVY3LBB0K3,0.03690442472048741
NDARINVY3PBPLNV,0.024504109199442785
NDARINVY4DLE2ZX,0.029443589500702708
NDARINVY4HKER0E,0.03534193550568888
NDARINVY4NY9NDV,0.048979379438521944
NDARINVY4P0CAVP,0.030073066774375438
NDARINVY4UH45DB,0.04036828739298385
NDARINVY5RCRU10,0.047105119029027594
NDARINVY5TT545M,0.0363302431519735
NDARINVY61UGEKY,0.03269482157603796
NDARINVY6FE3R8A,0.05981488544046209
NDARINVY6HBB319,0.02425831646223846
NDARINVY956TX1N,0.030513128895958332
NDARINVY9K2AGV1,0.021586508242503303
NDARINVYBPWDCF6,0.03349891589130626
NDARINVYC3MCRAY,0.03191294418891718
NDARINVYC5NU1KR,0.04143089367461016
NDARINVYC7NGNYC,0.024646935456757904
NDARINVYCCKAV9K,0.0437037929117547
NDARINVYCL4R17D,0.03644806340487997
NDARINVYDEWFLED,0.03576365472094396
NDARINVYDF2TPMK,0.032698263555868815
NDARINVYE7B0PFZ,0.040114993986495796
NDARINVYEC4J77T,0.019592155107984916
NDARINVYF1F96G4,0.050134808832819434
NDARINVYFMUX7R3,0.03141192386186265
NDARINVYGPAVGFJ,0.04736993908320704
NDARINVYH3BPP7A,0.026520140172882685
NDARINVYHF5V604,0.03551554183000343
NDARINVYHMMV4AC,0.0429344833955052
NDARINVYJ4PHV0Y,0.06632425125786172
NDARINVYJETWGU1,0.02547241161430056
NDARINVYJK3Y0NG,0.0343861214612235
NDARINVYJN69PPX,0.043357685255947215
NDARINVYKWMEWGG,0.03843139234131454
NDARINVYM29ZAGR,0.05179193669796474
NDARINVYMG44FLN,0.03705785046133571
NDARINVYN1N2HYA,0.031005946252841733
NDARINVYN5MT0RT,0.037446806794034525
NDARINVYRCWU5F8,0.027894240558739583
NDARINVYRZULCBY,0.03771147210116337
NDARINVYT6917JX,0.03575918592679045
NDARINVYU25EC7F,0.03232468458005755
NDARINVYU3FUA3E,0.030444597439484564
NDARINVYU63AVGZ,0.03809746691375755
NDARINVYU8GX8G7,0.03564990467943816
NDARINVYUTY0RGD,0.03487800851882844
NDARINVYUXB5PRZ,0.0446644027085073
NDARINVYVBB6F87,0.030189845219510823
NDARINVYVMG87GD,0.04891631568718654
NDARINVYVZBEAW7,0.03884302203114781
NDARINVYW440F27,0.061512369664943015
NDARINVYW9MFMW8,0.03007934954866816
NDARINVYWCJTCBW,0.04520926098156641
NDARINVYXGKVZAY,0.03358803548292825
NDARINVYXRGTMYM,0.0457059300614023
NDARINVYYBL28AM,0.048510097053892406
NDARINVYZ0U1DGC,0.04287058657177242
NDARINVYZ0ZBG85,0.0472338485248732
NDARINVYZFMM6MW,0.04139847537501126
NDARINVZ02PLW9B,0.054118612677451806
NDARINVZ04GJXZA,0.047234483151406076
NDARINVZ0FPZPLP,0.031004637695630367
NDARINVZ0LTAG73,0.03416068297366108
NDARINVZ0RUM99Y,0.03327899478101317
NDARINVZ174YN3F,0.0382610622683939
NDARINVZ1WZW3KT,0.04788814863571309
NDARINVZ2REMPTW,0.048833483135633016
NDARINVZ3638RYW,0.03751665596787264
NDARINVZ49U1FM4,0.018423875089458655
NDARINVZ4KYLWJA,0.029314222315909643
NDARINVZ4LY1E6P,0.028802206043839363
NDARINVZ5M1W790,0.0312270699511583
NDARINVZ658LRCT,0.02642313420870841
NDARINVZ6TDLDW8,0.040644147055340724
NDARINVZ6Z9DP4H,0.042620313799436274
NDARINVZ730VLUZ,0.03243704907048708
NDARINVZ908M6V0,0.03638296178117996
NDARINVZ9DEWNVF,0.03315782565310678
NDARINVZB0WCRDU,0.04236244871071955
NDARINVZB2K7UMG,0.03008586399672331
NDARINVZBAP2DZ2,0.03920429341948654
NDARINVZCDF5310,0.0279020490775289
NDARINVZCF2KY2L,0.038390423163490464
NDARINVZCGL10MP,0.040801146129870805
NDARINVZDHYHJKH,0.041894607936461006
NDARINVZDLAWZZL,0.04537456784942737
NDARINVZDYWHP34,0.03803104146671564
NDARINVZE514MKM,0.050022470827173295
NDARINVZEAUYCZF,0.028990569978038887
NDARINVZEYJBE3G,0.023049211461127848
NDARINVZF1WFHR3,0.04414472237581428
NDARINVZF36X5F8,0.0333099886189329
NDARINVZF82Z2N1,0.05620513029370862
NDARINVZFG1AXUD,0.03759020668135416
NDARINVZG6365BX,0.05200888781202565
NDARINVZGDMXH98,0.02637003117539199
NDARINVZHZZXCM0,0.030727712466658688
NDARINVZJB6P8ZB,0.030497684443356148
NDARINVZJJMNJ88,0.03135892165854665
NDARINVZJPA44D2,0.034370379559879025
NDARINVZJUBWF3F,0.05308657938904885
NDARINVZJUUZAPJ,0.02119850016004675
NDARINVZKJXBJMM,0.0375398704577488
NDARINVZKYLLADV,0.04992670599510995
NDARINVZLP46GRP,0.03710099466522059
NDARINVZMMCVRWG,0.03614467218846121
NDARINVZN4F9J96,0.03692747027839662
NDARINVZN9E7J06,0.04121748603506832
NDARINVZNBBEXEJ,0.046913737682369935
NDARINVZP49GXF4,0.03893089881869487
NDARINVZR9NMJBR,0.04559029986200601
NDARINVZRDZ2V00,0.04554126347941417
NDARINVZT1J0KUC,0.03653752947808787
NDARINVZTA7JACL,0.05116892751255192
NDARINVZTEBGFLA,0.03062093790778709
NDARINVZUDPGDWJ,0.036457342880162044
NDARINVZV54BWRE,0.03337931513030564
NDARINVZW8ENNPU,0.03955864084698908
NDARINVZWRJXNHE,0.02800948105973628
NDARINVZXHZPZ48,0.029118278662885917
NDARINVZXPAWB32,0.05417783250871295
NDARINVZYF317MG,0.028510119883462807
NDARINVZYTK0K1Y,0.05729870779719872
NDARINVZZ4XNM65,0.04693896628520664
NDARINVZZ6ZJ2KY,0.03812439132355091
NDARINVZZNX6W2P,0.036659847821413113
NDARINVZZZ2ALR6,0.03270478161948661
NDARINVZZZP87KR,0.030483303761756557
